Species,locationID,city,season,count,Site,utmEast,utmNorth,utmZone,long,lat
Black bear,2341,tawa,OC20,1,P-RWSR,555692.8125,5197156,10,-122.26845992226573,46.92559930766051
Black bear,2342,tawa,JU21,2,P-OLT,555380.3125,5195714,10,-122.2727399501913,46.91265010614948
Bobcat,2341,tawa,AP21,1,P-RWSR,555692.8125,5197156,10,-122.26845992226573,46.92559930766051
Bobcat,2341,tawa,JU21,2,P-RWSR,555692.8125,5197156,10,-122.26845992226573,46.92559930766051
Bobcat,2342,tawa,JU21,2,P-OLT,555380.3125,5195714,10,-122.2727399501913,46.91265010614948
Bobcat,2342,tawa,OC20,2,P-OLT,555380.3125,5195714,10,-122.2727399501913,46.91265010614948
Bobcat,3379,oaca,JA21,11,HT,577039.375,4181267.5,10,-122.12520031814923,37.775504171738376
Bobcat,3379,oaca,OC20,1,HT,577039.375,4181267.5,10,-122.12520031814923,37.775504171738376
Bobcat,3380,oaca,AP21,1,MT,575692,4183114.25,10,-122.1403056978608,37.7922600644958
Bobcat,3380,oaca,JA21,4,MT,575692,4183114.25,10,-122.1403056978608,37.7922600644958
Bobcat,3389,oaca,AP21,1,WP,575743.9375,4178844.25,10,-122.14016165799895,37.753773534843326
Bobcat,3389,oaca,JA21,2,WP,575743.9375,4178844.25,10,-122.14016165799895,37.753773534843326
Bobcat,3389,oaca,OC20,2,WP,575743.9375,4178844.25,10,-122.14016165799895,37.753773534843326
Bobcat,3468,tawa,AP21,1,P-TE2,554855,5196770,10,-122.27951048782658,46.92219579840345
Brush Rabbit,3379,oaca,AP21,82,HT,577039.375,4181267.5,10,-122.12520031814923,37.775504171738376
Brush Rabbit,3379,oaca,JA21,85,HT,577039.375,4181267.5,10,-122.12520031814923,37.775504171738376
Brush Rabbit,3379,oaca,JU21,87,HT,577039.375,4181267.5,10,-122.12520031814923,37.775504171738376
Brush Rabbit,3379,oaca,OC20,14,HT,577039.375,4181267.5,10,-122.12520031814923,37.775504171738376
Brush Rabbit,3380,oaca,JA21,2,MT,575692,4183114.25,10,-122.1403056978608,37.7922600644958
Brush Rabbit,3380,oaca,OC20,4,MT,575692,4183114.25,10,-122.1403056978608,37.7922600644958
Coyote,2305,tawa,AP21,5,G-FP1,539350,5232700,10,-122.48001311823171,47.24660376310076
Coyote,2305,tawa,JA21,2,G-FP1,539350,5232700,10,-122.48001311823171,47.24660376310076
Coyote,2305,tawa,JU21,2,G-FP1,539350,5232700,10,-122.48001311823171,47.24660376310076
Coyote,2309,tawa,JU21,3,P-OB,535487.875,5240075.5,10,-122.5304601657384,47.31318888282613
Coyote,2309,tawa,OC20,1,P-OB,535487.875,5240075.5,10,-122.5304601657384,47.31318888282613
Coyote,2310,tawa,OC20,14,P-RP,536875.3125,5238307,10,-122.51225005999778,47.29719932320845
Coyote,2311,tawa,JA21,2,P-STP,538434.5625,5236995.5,10,-122.49173974370129,47.28530888330367
Coyote,2311,tawa,JU21,6,P-STP,538434.5625,5236995.5,10,-122.49173974370129,47.28530888330367
Coyote,2316,tawa,AP21,5,P-DPV,534489.5625,5240438.5,10,-122.5436402745423,47.3165085016772
Coyote,2316,tawa,JU21,1,P-DPV,534489.5625,5240438.5,10,-122.5436402745423,47.3165085016772
Coyote,2320,tawa,JA21,1,P-PCNA2,539001.125,5236057,10,-122.48432986987385,47.27683082960451
Coyote,2320,tawa,JU21,3,P-PCNA2,539001.125,5236057,10,-122.48432986987385,47.27683082960451
Coyote,2321,tawa,AP21,15,P-CUP,539988,5235632.5,10,-122.471320086731,47.27295174449351
Coyote,2321,tawa,JA21,3,P-CUP,539988,5235632.5,10,-122.471320086731,47.27295174449351
Coyote,2321,tawa,OC20,9,P-CUP,539988,5235632.5,10,-122.471320086731,47.27295174449351
Coyote,2322,tawa,OC20,1,P-GP,541039.4375,5235299.5,10,-122.45745032482698,47.269890460874926
Coyote,2334,tawa,AP21,5,P-CCP,551505.375,5225549,10,-122.32022008391868,47.18141910672656
Coyote,2334,tawa,JA21,20,P-CCP,551505.375,5225549,10,-122.32022008391868,47.18141910672656
Coyote,2334,tawa,JU21,7,P-CCP,551505.375,5225549,10,-122.32022008391868,47.18141910672656
Coyote,2334,tawa,OC20,5,P-CCP,551505.375,5225549,10,-122.32022008391868,47.18141910672656
Coyote,2336,tawa,AP21,15,P-WBC,553029.125,5224204.5,10,-122.30026973533971,47.16920045659492
Coyote,2336,tawa,JA21,16,P-WBC,553029.125,5224204.5,10,-122.30026973533971,47.16920045659492
Coyote,2336,tawa,JU21,17,P-WBC,553029.125,5224204.5,10,-122.30026973533971,47.16920045659492
Coyote,2336,tawa,OC20,36,P-WBC,553029.125,5224204.5,10,-122.30026973533971,47.16920045659492
Coyote,2338,tawa,AP21,5,P-BLP,554358.4375,5223381,10,-122.28283031300815,47.16168229763593
Coyote,2338,tawa,JA21,3,P-BLP,554358.4375,5223381,10,-122.28283031300815,47.16168229763593
Coyote,2338,tawa,JU21,4,P-BLP,554358.4375,5223381,10,-122.28283031300815,47.16168229763593
Coyote,2341,tawa,AP21,16,P-RWSR,555692.8125,5197156,10,-122.26845992226573,46.92559930766051
Coyote,2341,tawa,JA21,11,P-RWSR,555692.8125,5197156,10,-122.26845992226573,46.92559930766051
Coyote,2341,tawa,JU21,12,P-RWSR,555692.8125,5197156,10,-122.26845992226573,46.92559930766051
Coyote,2341,tawa,OC20,29,P-RWSR,555692.8125,5197156,10,-122.26845992226573,46.92559930766051
Coyote,2342,tawa,AP21,12,P-OLT,555380.3125,5195714,10,-122.2727399501913,46.91265010614948
Coyote,2342,tawa,JA21,22,P-OLT,555380.3125,5195714,10,-122.2727399501913,46.91265010614948
Coyote,2342,tawa,JU21,1,P-OLT,555380.3125,5195714,10,-122.2727399501913,46.91265010614948
Coyote,2342,tawa,OC20,10,P-OLT,555380.3125,5195714,10,-122.2727399501913,46.91265010614948
Coyote,2346,tawa,JU21,2,G-SB,535535,5238409,10,-122.52996962188311,47.298191196125245
Coyote,2346,tawa,OC20,2,G-SB,535535,5238409,10,-122.52996962188311,47.298191196125245
Coyote,2347,tawa,AP21,16,G-VP,536300.4375,5236384,10,-122.5200102255112,47.27992829292994
Coyote,2347,tawa,OC20,5,G-VP,536300.4375,5236384,10,-122.5200102255112,47.27992829292994
Coyote,2354,tawa,AP21,9,G-TNC2,538575.5,5231997,10,-122.49030793253215,47.240324138072616
Coyote,2354,tawa,JA21,5,G-TNC2,538575.5,5231997,10,-122.49030793253215,47.240324138072616
Coyote,2354,tawa,JU21,3,G-TNC2,538575.5,5231997,10,-122.49030793253215,47.240324138072616
Coyote,2354,tawa,OC20,3,G-TNC2,538575.5,5231997,10,-122.49030793253215,47.240324138072616
Coyote,2362,tawa,AP21,1,G-WLP2,540043.0625,5225041.5,10,-122.47154011345283,47.177650308061786
Coyote,2364,tawa,OC20,2,G-CLP3,537040.125,5232645.5,10,-122.51054008250263,47.24624781414887
Coyote,3376,oaca,AP21,1,HBT,578585.875,4176056.25,10,-122.1082052795166,37.72840774799266
Coyote,3377,oaca,JA21,2,BT,579523.4375,4177573.25,10,-122.09740103019818,37.74199827050061
Coyote,3377,oaca,JU21,2,BT,579523.4375,4177573.25,10,-122.09740103019818,37.74199827050061
Coyote,3378,oaca,AP21,2,GT,577615.25,4179526.25,10,-122.11884806430689,37.75976297425415
Coyote,3379,oaca,AP21,2,HT,577039.375,4181267.5,10,-122.12520031814923,37.775504171738376
Coyote,3379,oaca,JA21,25,HT,577039.375,4181267.5,10,-122.12520031814923,37.775504171738376
Coyote,3379,oaca,JU21,9,HT,577039.375,4181267.5,10,-122.12520031814923,37.775504171738376
Coyote,3379,oaca,OC20,4,HT,577039.375,4181267.5,10,-122.12520031814923,37.775504171738376
Coyote,3380,oaca,AP21,1,MT,575692,4183114.25,10,-122.1403056978608,37.7922600644958
Coyote,3380,oaca,JA21,14,MT,575692,4183114.25,10,-122.1403056978608,37.7922600644958
Coyote,3380,oaca,OC20,10,MT,575692,4183114.25,10,-122.1403056978608,37.7922600644958
Coyote,3384,oaca,AP21,7,CB,572155,4184290,10,-122.18035727643793,37.803142529093726
Coyote,3384,oaca,JA21,5,CB,572155,4184290,10,-122.18035727643793,37.803142529093726
Coyote,3384,oaca,JU21,5,CB,572155,4184290,10,-122.18035727643793,37.803142529093726
Coyote,3384,oaca,OC20,41,CB,572155,4184290,10,-122.18035727643793,37.803142529093726
Coyote,3386,oaca,AP21,7,H18,577284,4177590,10,-122.12281431345347,37.7423411134739
Coyote,3386,oaca,JA21,4,H18,577284,4177590,10,-122.12281431345347,37.7423411134739
Coyote,3386,oaca,JU21,6,H18,577284,4177590,10,-122.12281431345347,37.7423411134739
Coyote,3386,oaca,OC20,5,H18,577284,4177590,10,-122.12281431345347,37.7423411134739
Coyote,3387,oaca,AP21,2,CR,575257.1875,4178946.75,10,-122.14567601162237,37.75473747299067
Coyote,3387,oaca,JA21,1,CR,575257.1875,4178946.75,10,-122.14567601162237,37.75473747299067
Coyote,3387,oaca,OC20,4,CR,575257.1875,4178946.75,10,-122.14567601162237,37.75473747299067
Coyote,3389,oaca,AP21,5,WP,575743.9375,4178844.25,10,-122.14016165799895,37.753773534843326
Coyote,3389,oaca,JA21,5,WP,575743.9375,4178844.25,10,-122.14016165799895,37.753773534843326
Coyote,3389,oaca,JU21,27,WP,575743.9375,4178844.25,10,-122.14016165799895,37.753773534843326
Coyote,3389,oaca,OC20,16,WP,575743.9375,4178844.25,10,-122.14016165799895,37.753773534843326
Coyote,3464,tawa,JA21,1,P-MKP3,543620.8125,5231466,10,-122.42370007767919,47.2352303289375
Coyote,3464,tawa,JU21,4,P-MKP3,543620.8125,5231466,10,-122.42370007767919,47.2352303289375
Coyote,3464,tawa,OC20,5,P-MKP3,543620.8125,5231466,10,-122.42370007767919,47.2352303289375
Coyote,3469,tawa,JA21,6,P-OV2,550048.5625,5190938,10,-122.34327690455926,46.87009737411258
Coyote,3469,tawa,JU21,11,P-OV2,550048.5625,5190938,10,-122.34327690455926,46.87009737411258
Coyote,3471,tawa,AP21,3,G-IP,540642.0625,5231492.5,10,-122.46304982780435,47.235659943921206
Coyote,3471,tawa,JA21,2,G-IP,540642.0625,5231492.5,10,-122.46304982780435,47.235659943921206
Coyote,3472,tawa,AP21,38,G-SERA,538535.9375,5227825.5,10,-122.49118989961514,47.20279106036013
Coyote,3472,tawa,JA21,36,G-SERA,538535.9375,5227825.5,10,-122.49118989961514,47.20279106036013
Coyote,3472,tawa,JU21,38,G-SERA,538535.9375,5227825.5,10,-122.49118989961514,47.20279106036013
Coyote,3474,tawa,AP21,1,G-CBP2,543422.4375,5226249,10,-122.42682678938667,47.1883010270148
Coyote,3474,tawa,JU21,3,G-CBP2,543422.4375,5226249,10,-122.42682678938667,47.1883010270148
Coyote,4333,tawa,JA21,2,G-KP2,537217,5235182,10,-122.50799150845162,47.269061297727504
Domestic cat,2305,tawa,AP21,55,G-FP1,539350,5232700,10,-122.48001311823171,47.24660376310076
Domestic cat,2305,tawa,JA21,29,G-FP1,539350,5232700,10,-122.48001311823171,47.24660376310076
Domestic cat,2305,tawa,JU21,18,G-FP1,539350,5232700,10,-122.48001311823171,47.24660376310076
Domestic cat,2310,tawa,JU21,4,P-RP,536875.3125,5238307,10,-122.51225005999778,47.29719932320845
Domestic cat,2310,tawa,OC20,10,P-RP,536875.3125,5238307,10,-122.51225005999778,47.29719932320845
Domestic cat,2320,tawa,JU21,2,P-PCNA2,539001.125,5236057,10,-122.48432986987385,47.27683082960451
Domestic cat,2320,tawa,OC20,1,P-PCNA2,539001.125,5236057,10,-122.48432986987385,47.27683082960451
Domestic cat,2321,tawa,AP21,7,P-CUP,539988,5235632.5,10,-122.471320086731,47.27295174449351
Domestic cat,2321,tawa,JU21,1,P-CUP,539988,5235632.5,10,-122.471320086731,47.27295174449351
Domestic cat,2331,tawa,JA21,1,P-SCP2,545624.375,5229907.5,10,-122.3973902834904,47.22107090831066
Domestic cat,2331,tawa,JU21,10,P-SCP2,545624.375,5229907.5,10,-122.3973902834904,47.22107090831066
Domestic cat,2334,tawa,JU21,4,P-CCP,551505.375,5225549,10,-122.32022008391868,47.18141910672656
Domestic cat,2338,tawa,JA21,3,P-BLP,554358.4375,5223381,10,-122.28283031300815,47.16168229763593
Domestic cat,2338,tawa,JU21,1,P-BLP,554358.4375,5223381,10,-122.28283031300815,47.16168229763593
Domestic cat,2342,tawa,AP21,5,P-OLT,555380.3125,5195714,10,-122.2727399501913,46.91265010614948
Domestic cat,2342,tawa,OC20,2,P-OLT,555380.3125,5195714,10,-122.2727399501913,46.91265010614948
Domestic cat,2347,tawa,AP21,1,G-VP,536300.4375,5236384,10,-122.5200102255112,47.27992829292994
Domestic cat,2349,tawa,AP21,2,G-JP,538601.5625,5233888,10,-122.48980021466649,47.25733785038378
Domestic cat,2349,tawa,JA21,6,G-JP,538601.5625,5233888,10,-122.48980021466649,47.25733785038378
Domestic cat,2354,tawa,OC20,2,G-TNC2,538575.5,5231997,10,-122.49030793253215,47.240324138072616
Domestic cat,2362,tawa,AP21,1,G-WLP2,540043.0625,5225041.5,10,-122.47154011345283,47.177650308061786
Domestic cat,2362,tawa,JA21,13,G-WLP2,540043.0625,5225041.5,10,-122.47154011345283,47.177650308061786
Domestic cat,2362,tawa,JU21,1,G-WLP2,540043.0625,5225041.5,10,-122.47154011345283,47.177650308061786
Domestic cat,2362,tawa,OC20,6,G-WLP2,540043.0625,5225041.5,10,-122.47154011345283,47.177650308061786
Domestic cat,2364,tawa,AP21,1,G-CLP3,537040.125,5232645.5,10,-122.51054008250263,47.24624781414887
Domestic cat,2364,tawa,JU21,8,G-CLP3,537040.125,5232645.5,10,-122.51054008250263,47.24624781414887
Domestic cat,3383,oaca,AP21,180,AB,567123,4183440,10,-122.23759206133575,37.79586579832616
Domestic cat,3383,oaca,JA21,200,AB,567123,4183440,10,-122.23759206133575,37.79586579832616
Domestic cat,3383,oaca,JU21,19,AB,567123,4183440,10,-122.23759206133575,37.79586579832616
Domestic cat,3383,oaca,OC20,62,AB,567123,4183440,10,-122.23759206133575,37.79586579832616
Domestic cat,3387,oaca,JU21,1,CR,575257.1875,4178946.75,10,-122.14567601162237,37.75473747299067
Domestic cat,3390,oaca,AP21,47,DY,571940,4182400,10,-122.18298694516211,37.78612625493866
Domestic cat,3390,oaca,JU21,26,DY,571940,4182400,10,-122.18298694516211,37.78612625493866
Domestic cat,3391,oaca,AP21,1,MA,570794.25,4175410.25,10,-122.19667933091583,37.72322142384811
Domestic cat,3391,oaca,OC20,1,MA,570794.25,4175410.25,10,-122.19667933091583,37.72322142384811
Domestic cat,3393,oaca,AP21,59,PER,570553.75,4174456.25,10,-122.19950062871011,37.714642110545945
Domestic cat,3393,oaca,JU21,39,PER,570553.75,4174456.25,10,-122.19950062871011,37.714642110545945
Domestic cat,3464,tawa,OC20,2,P-MKP3,543620.8125,5231466,10,-122.42370007767919,47.2352303289375
Domestic cat,3467,tawa,AP21,5,P-UWT,542368.0625,5232307,10,-122.440170358001,47.2428796550409
Domestic cat,3467,tawa,JA21,1,P-UWT,542368.0625,5232307,10,-122.440170358001,47.2428796550409
Domestic cat,3467,tawa,JU21,20,P-UWT,542368.0625,5232307,10,-122.440170358001,47.2428796550409
Domestic cat,3467,tawa,OC20,5,P-UWT,542368.0625,5232307,10,-122.440170358001,47.2428796550409
Domestic cat,3469,tawa,JU21,2,P-OV2,550048.5625,5190938,10,-122.34327690455926,46.87009737411258
Domestic cat,3471,tawa,AP21,16,G-IP,540642.0625,5231492.5,10,-122.46304982780435,47.235659943921206
Domestic cat,3471,tawa,JA21,2,G-IP,540642.0625,5231492.5,10,-122.46304982780435,47.235659943921206
Domestic cat,3471,tawa,OC20,4,G-IP,540642.0625,5231492.5,10,-122.46304982780435,47.235659943921206
Domestic cat,3472,tawa,JU21,2,G-SERA,538535.9375,5227825.5,10,-122.49118989961514,47.20279106036013
Domestic cat,3474,tawa,AP21,43,G-CBP2,543422.4375,5226249,10,-122.42682678938667,47.1883010270148
Domestic cat,3474,tawa,JU21,51,G-CBP2,543422.4375,5226249,10,-122.42682678938667,47.1883010270148
Domestic cat,4333,tawa,AP21,138,G-KP2,537217,5235182,10,-122.50799150845162,47.269061297727504
Domestic cat,4333,tawa,JA21,236,G-KP2,537217,5235182,10,-122.50799150845162,47.269061297727504
Domestic cat,4333,tawa,OC20,75,G-KP2,537217,5235182,10,-122.50799150845162,47.269061297727504
Domestic dog,2305,tawa,JA21,1,G-FP1,539350,5232700,10,-122.48001311823171,47.24660376310076
Domestic dog,2309,tawa,JA21,20,P-OB,535487.875,5240075.5,10,-122.5304601657384,47.31318888282613
Domestic dog,2309,tawa,JU21,2,P-OB,535487.875,5240075.5,10,-122.5304601657384,47.31318888282613
Domestic dog,2310,tawa,JU21,5,P-RP,536875.3125,5238307,10,-122.51225005999778,47.29719932320845
Domestic dog,2310,tawa,OC20,27,P-RP,536875.3125,5238307,10,-122.51225005999778,47.29719932320845
Domestic dog,2311,tawa,JA21,1,P-STP,538434.5625,5236995.5,10,-122.49173974370129,47.28530888330367
Domestic dog,2311,tawa,JU21,1,P-STP,538434.5625,5236995.5,10,-122.49173974370129,47.28530888330367
Domestic dog,2316,tawa,AP21,2,P-DPV,534489.5625,5240438.5,10,-122.5436402745423,47.3165085016772
Domestic dog,2316,tawa,OC20,1,P-DPV,534489.5625,5240438.5,10,-122.5436402745423,47.3165085016772
Domestic dog,2320,tawa,JA21,11,P-PCNA2,539001.125,5236057,10,-122.48432986987385,47.27683082960451
Domestic dog,2320,tawa,OC20,7,P-PCNA2,539001.125,5236057,10,-122.48432986987385,47.27683082960451
Domestic dog,2321,tawa,AP21,15,P-CUP,539988,5235632.5,10,-122.471320086731,47.27295174449351
Domestic dog,2321,tawa,JA21,8,P-CUP,539988,5235632.5,10,-122.471320086731,47.27295174449351
Domestic dog,2321,tawa,JU21,3,P-CUP,539988,5235632.5,10,-122.471320086731,47.27295174449351
Domestic dog,2321,tawa,OC20,4,P-CUP,539988,5235632.5,10,-122.471320086731,47.27295174449351
Domestic dog,2331,tawa,AP21,2,P-SCP2,545624.375,5229907.5,10,-122.3973902834904,47.22107090831066
Domestic dog,2331,tawa,OC20,1,P-SCP2,545624.375,5229907.5,10,-122.3973902834904,47.22107090831066
Domestic dog,2334,tawa,AP21,19,P-CCP,551505.375,5225549,10,-122.32022008391868,47.18141910672656
Domestic dog,2334,tawa,JA21,11,P-CCP,551505.375,5225549,10,-122.32022008391868,47.18141910672656
Domestic dog,2334,tawa,JU21,7,P-CCP,551505.375,5225549,10,-122.32022008391868,47.18141910672656
Domestic dog,2334,tawa,OC20,9,P-CCP,551505.375,5225549,10,-122.32022008391868,47.18141910672656
Domestic dog,2336,tawa,AP21,1,P-WBC,553029.125,5224204.5,10,-122.30026973533971,47.16920045659492
Domestic dog,2336,tawa,OC20,2,P-WBC,553029.125,5224204.5,10,-122.30026973533971,47.16920045659492
Domestic dog,2338,tawa,AP21,14,P-BLP,554358.4375,5223381,10,-122.28283031300815,47.16168229763593
Domestic dog,2338,tawa,JA21,24,P-BLP,554358.4375,5223381,10,-122.28283031300815,47.16168229763593
Domestic dog,2338,tawa,JU21,12,P-BLP,554358.4375,5223381,10,-122.28283031300815,47.16168229763593
Domestic dog,2346,tawa,AP21,11,G-SB,535535,5238409,10,-122.52996962188311,47.298191196125245
Domestic dog,2346,tawa,JA21,17,G-SB,535535,5238409,10,-122.52996962188311,47.298191196125245
Domestic dog,2346,tawa,OC20,16,G-SB,535535,5238409,10,-122.52996962188311,47.298191196125245
Domestic dog,2347,tawa,AP21,249,G-VP,536300.4375,5236384,10,-122.5200102255112,47.27992829292994
Domestic dog,2347,tawa,JA21,65,G-VP,536300.4375,5236384,10,-122.5200102255112,47.27992829292994
Domestic dog,2347,tawa,JU21,99,G-VP,536300.4375,5236384,10,-122.5200102255112,47.27992829292994
Domestic dog,2347,tawa,OC20,71,G-VP,536300.4375,5236384,10,-122.5200102255112,47.27992829292994
Domestic dog,2349,tawa,AP21,64,G-JP,538601.5625,5233888,10,-122.48980021466649,47.25733785038378
Domestic dog,2349,tawa,JA21,44,G-JP,538601.5625,5233888,10,-122.48980021466649,47.25733785038378
Domestic dog,2362,tawa,JU21,1,G-WLP2,540043.0625,5225041.5,10,-122.47154011345283,47.177650308061786
Domestic dog,2362,tawa,OC20,1,G-WLP2,540043.0625,5225041.5,10,-122.47154011345283,47.177650308061786
Domestic dog,2364,tawa,AP21,49,G-CLP3,537040.125,5232645.5,10,-122.51054008250263,47.24624781414887
Domestic dog,2364,tawa,JA21,6,G-CLP3,537040.125,5232645.5,10,-122.51054008250263,47.24624781414887
Domestic dog,2364,tawa,JU21,21,G-CLP3,537040.125,5232645.5,10,-122.51054008250263,47.24624781414887
Domestic dog,2364,tawa,OC20,12,G-CLP3,537040.125,5232645.5,10,-122.51054008250263,47.24624781414887
Domestic dog,3378,oaca,JA21,2,GT,577615.25,4179526.25,10,-122.11884806430689,37.75976297425415
Domestic dog,3378,oaca,JU21,2,GT,577615.25,4179526.25,10,-122.11884806430689,37.75976297425415
Domestic dog,3379,oaca,AP21,2,HT,577039.375,4181267.5,10,-122.12520031814923,37.775504171738376
Domestic dog,3380,oaca,AP21,8,MT,575692,4183114.25,10,-122.1403056978608,37.7922600644958
Domestic dog,3380,oaca,JA21,42,MT,575692,4183114.25,10,-122.1403056978608,37.7922600644958
Domestic dog,3380,oaca,OC20,24,MT,575692,4183114.25,10,-122.1403056978608,37.7922600644958
Domestic dog,3381,oaca,AP21,4,DK,569689.6875,4177592,10,-122.20900282254252,37.74296907041338
Domestic dog,3381,oaca,JU21,19,DK,569689.6875,4177592,10,-122.20900282254252,37.74296907041338
Domestic dog,3381,oaca,OC20,22,DK,569689.6875,4177592,10,-122.20900282254252,37.74296907041338
Domestic dog,3382,oaca,JA21,1,EN,569795.9375,4176208,10,-122.20792986879542,37.73048775392695
Domestic dog,3383,oaca,JA21,1,AB,567123,4183440,10,-122.23759206133575,37.79586579832616
Domestic dog,3387,oaca,AP21,6,CR,575257.1875,4178946.75,10,-122.14567601162237,37.75473747299067
Domestic dog,3387,oaca,JA21,1,CR,575257.1875,4178946.75,10,-122.14567601162237,37.75473747299067
Domestic dog,3387,oaca,JU21,3,CR,575257.1875,4178946.75,10,-122.14567601162237,37.75473747299067
Domestic dog,3387,oaca,OC20,5,CR,575257.1875,4178946.75,10,-122.14567601162237,37.75473747299067
Domestic dog,3464,tawa,AP21,15,P-MKP3,543620.8125,5231466,10,-122.42370007767919,47.2352303289375
Domestic dog,3464,tawa,JA21,72,P-MKP3,543620.8125,5231466,10,-122.42370007767919,47.2352303289375
Domestic dog,3464,tawa,JU21,43,P-MKP3,543620.8125,5231466,10,-122.42370007767919,47.2352303289375
Domestic dog,3464,tawa,OC20,87,P-MKP3,543620.8125,5231466,10,-122.42370007767919,47.2352303289375
Domestic dog,3467,tawa,AP21,1,P-UWT,542368.0625,5232307,10,-122.440170358001,47.2428796550409
Domestic dog,3467,tawa,JU21,3,P-UWT,542368.0625,5232307,10,-122.440170358001,47.2428796550409
Domestic dog,3471,tawa,AP21,6,G-IP,540642.0625,5231492.5,10,-122.46304982780435,47.235659943921206
Domestic dog,3471,tawa,JA21,6,G-IP,540642.0625,5231492.5,10,-122.46304982780435,47.235659943921206
Domestic dog,3471,tawa,OC20,2,G-IP,540642.0625,5231492.5,10,-122.46304982780435,47.235659943921206
Domestic dog,3472,tawa,AP21,25,G-SERA,538535.9375,5227825.5,10,-122.49118989961514,47.20279106036013
Domestic dog,3472,tawa,JA21,8,G-SERA,538535.9375,5227825.5,10,-122.49118989961514,47.20279106036013
Domestic dog,3472,tawa,JU21,26,G-SERA,538535.9375,5227825.5,10,-122.49118989961514,47.20279106036013
Domestic dog,3474,tawa,AP21,4,G-CBP2,543422.4375,5226249,10,-122.42682678938667,47.1883010270148
Domestic dog,3474,tawa,JU21,3,G-CBP2,543422.4375,5226249,10,-122.42682678938667,47.1883010270148
Domestic dog,4333,tawa,JA21,1,G-KP2,537217,5235182,10,-122.50799150845162,47.269061297727504
Douglas squirrel,2309,tawa,JU21,1,P-OB,535487.875,5240075.5,10,-122.5304601657384,47.31318888282613
Douglas squirrel,2316,tawa,AP21,2,P-DPV,534489.5625,5240438.5,10,-122.5436402745423,47.3165085016772
Douglas squirrel,2316,tawa,JA21,2,P-DPV,534489.5625,5240438.5,10,-122.5436402745423,47.3165085016772
Douglas squirrel,2316,tawa,JU21,16,P-DPV,534489.5625,5240438.5,10,-122.5436402745423,47.3165085016772
Douglas squirrel,2316,tawa,OC20,1,P-DPV,534489.5625,5240438.5,10,-122.5436402745423,47.3165085016772
Douglas squirrel,2338,tawa,AP21,4,P-BLP,554358.4375,5223381,10,-122.28283031300815,47.16168229763593
Douglas squirrel,2341,tawa,AP21,1,P-RWSR,555692.8125,5197156,10,-122.26845992226573,46.92559930766051
Douglas squirrel,2341,tawa,JA21,1,P-RWSR,555692.8125,5197156,10,-122.26845992226573,46.92559930766051
Douglas squirrel,2342,tawa,JU21,9,P-OLT,555380.3125,5195714,10,-122.2727399501913,46.91265010614948
Douglas squirrel,2346,tawa,JU21,6,G-SB,535535,5238409,10,-122.52996962188311,47.298191196125245
Douglas squirrel,2346,tawa,OC20,1,G-SB,535535,5238409,10,-122.52996962188311,47.298191196125245
Douglas squirrel,2349,tawa,JA21,1,G-JP,538601.5625,5233888,10,-122.48980021466649,47.25733785038378
Douglas squirrel,2354,tawa,JA21,2,G-TNC2,538575.5,5231997,10,-122.49030793253215,47.240324138072616
Douglas squirrel,2354,tawa,JU21,40,G-TNC2,538575.5,5231997,10,-122.49030793253215,47.240324138072616
Douglas squirrel,2364,tawa,AP21,1,G-CLP3,537040.125,5232645.5,10,-122.51054008250263,47.24624781414887
Douglas squirrel,2364,tawa,JA21,1,G-CLP3,537040.125,5232645.5,10,-122.51054008250263,47.24624781414887
Douglas squirrel,2364,tawa,JU21,18,G-CLP3,537040.125,5232645.5,10,-122.51054008250263,47.24624781414887
Douglas squirrel,2364,tawa,OC20,2,G-CLP3,537040.125,5232645.5,10,-122.51054008250263,47.24624781414887
Douglas squirrel,3468,tawa,JU21,5,P-TE2,554855,5196770,10,-122.27951048782658,46.92219579840345
Rabbit,2305,tawa,AP21,5,G-FP1,539350,5232700,10,-122.48001311823171,47.24660376310076
Rabbit,2305,tawa,JA21,5,G-FP1,539350,5232700,10,-122.48001311823171,47.24660376310076
Rabbit,2310,tawa,JU21,8,P-RP,536875.3125,5238307,10,-122.51225005999778,47.29719932320845
Rabbit,2310,tawa,OC20,9,P-RP,536875.3125,5238307,10,-122.51225005999778,47.29719932320845
Rabbit,2311,tawa,JU21,4,P-STP,538434.5625,5236995.5,10,-122.49173974370129,47.28530888330367
Rabbit,2320,tawa,JU21,1,P-PCNA2,539001.125,5236057,10,-122.48432986987385,47.27683082960451
Rabbit,2331,tawa,AP21,37,P-SCP2,545624.375,5229907.5,10,-122.3973902834904,47.22107090831066
Rabbit,2331,tawa,JU21,47,P-SCP2,545624.375,5229907.5,10,-122.3973902834904,47.22107090831066
Rabbit,2331,tawa,OC20,9,P-SCP2,545624.375,5229907.5,10,-122.3973902834904,47.22107090831066
Rabbit,2334,tawa,AP21,20,P-CCP,551505.375,5225549,10,-122.32022008391868,47.18141910672656
Rabbit,2334,tawa,JA21,7,P-CCP,551505.375,5225549,10,-122.32022008391868,47.18141910672656
Rabbit,2334,tawa,JU21,2,P-CCP,551505.375,5225549,10,-122.32022008391868,47.18141910672656
Rabbit,2334,tawa,OC20,18,P-CCP,551505.375,5225549,10,-122.32022008391868,47.18141910672656
Rabbit,2336,tawa,JA21,11,P-WBC,553029.125,5224204.5,10,-122.30026973533971,47.16920045659492
Rabbit,2336,tawa,JU21,5,P-WBC,553029.125,5224204.5,10,-122.30026973533971,47.16920045659492
Rabbit,2338,tawa,JA21,2,P-BLP,554358.4375,5223381,10,-122.28283031300815,47.16168229763593
Rabbit,2341,tawa,JA21,4,P-RWSR,555692.8125,5197156,10,-122.26845992226573,46.92559930766051
Rabbit,2349,tawa,JA21,1,G-JP,538601.5625,5233888,10,-122.48980021466649,47.25733785038378
Rabbit,2354,tawa,JU21,3,G-TNC2,538575.5,5231997,10,-122.49030793253215,47.240324138072616
Rabbit,2364,tawa,JU21,113,G-CLP3,537040.125,5232645.5,10,-122.51054008250263,47.24624781414887
Rabbit,3467,tawa,JU21,101,P-UWT,542368.0625,5232307,10,-122.440170358001,47.2428796550409
Rabbit,3468,tawa,JA21,3,P-TE2,554855,5196770,10,-122.27951048782658,46.92219579840345
Rabbit,3468,tawa,JU21,2,P-TE2,554855,5196770,10,-122.27951048782658,46.92219579840345
Rabbit,3469,tawa,JA21,3,P-OV2,550048.5625,5190938,10,-122.34327690455926,46.87009737411258
Rabbit,3469,tawa,JU21,1,P-OV2,550048.5625,5190938,10,-122.34327690455926,46.87009737411258
Rabbit,3471,tawa,AP21,22,G-IP,540642.0625,5231492.5,10,-122.46304982780435,47.235659943921206
Rabbit,3472,tawa,JA21,61,G-SERA,538535.9375,5227825.5,10,-122.49118989961514,47.20279106036013
Rabbit,3472,tawa,JU21,68,G-SERA,538535.9375,5227825.5,10,-122.49118989961514,47.20279106036013
Eastern gray squirrel,2305,tawa,AP21,244,G-FP1,539350,5232700,10,-122.48001311823171,47.24660376310076
Eastern gray squirrel,2305,tawa,JA21,496,G-FP1,539350,5232700,10,-122.48001311823171,47.24660376310076
Eastern gray squirrel,2305,tawa,JU21,34,G-FP1,539350,5232700,10,-122.48001311823171,47.24660376310076
Eastern gray squirrel,2309,tawa,JU21,18,P-OB,535487.875,5240075.5,10,-122.5304601657384,47.31318888282613
Eastern gray squirrel,2309,tawa,OC20,17,P-OB,535487.875,5240075.5,10,-122.5304601657384,47.31318888282613
Eastern gray squirrel,2310,tawa,JU21,1,P-RP,536875.3125,5238307,10,-122.51225005999778,47.29719932320845
Eastern gray squirrel,2310,tawa,OC20,176,P-RP,536875.3125,5238307,10,-122.51225005999778,47.29719932320845
Eastern gray squirrel,2311,tawa,JU21,3,P-STP,538434.5625,5236995.5,10,-122.49173974370129,47.28530888330367
Eastern gray squirrel,2311,tawa,OC20,1,P-STP,538434.5625,5236995.5,10,-122.49173974370129,47.28530888330367
Eastern gray squirrel,2316,tawa,AP21,7,P-DPV,534489.5625,5240438.5,10,-122.5436402745423,47.3165085016772
Eastern gray squirrel,2316,tawa,JA21,10,P-DPV,534489.5625,5240438.5,10,-122.5436402745423,47.3165085016772
Eastern gray squirrel,2316,tawa,JU21,7,P-DPV,534489.5625,5240438.5,10,-122.5436402745423,47.3165085016772
Eastern gray squirrel,2316,tawa,OC20,45,P-DPV,534489.5625,5240438.5,10,-122.5436402745423,47.3165085016772
Eastern gray squirrel,2320,tawa,JU21,5,P-PCNA2,539001.125,5236057,10,-122.48432986987385,47.27683082960451
Eastern gray squirrel,2320,tawa,OC20,1,P-PCNA2,539001.125,5236057,10,-122.48432986987385,47.27683082960451
Eastern gray squirrel,2321,tawa,JA21,1,P-CUP,539988,5235632.5,10,-122.471320086731,47.27295174449351
Eastern gray squirrel,2321,tawa,JU21,1,P-CUP,539988,5235632.5,10,-122.471320086731,47.27295174449351
Eastern gray squirrel,2322,tawa,OC20,1,P-GP,541039.4375,5235299.5,10,-122.45745032482698,47.269890460874926
Eastern gray squirrel,2331,tawa,AP21,5,P-SCP2,545624.375,5229907.5,10,-122.3973902834904,47.22107090831066
Eastern gray squirrel,2331,tawa,JA21,39,P-SCP2,545624.375,5229907.5,10,-122.3973902834904,47.22107090831066
Eastern gray squirrel,2331,tawa,JU21,33,P-SCP2,545624.375,5229907.5,10,-122.3973902834904,47.22107090831066
Eastern gray squirrel,2334,tawa,AP21,16,P-CCP,551505.375,5225549,10,-122.32022008391868,47.18141910672656
Eastern gray squirrel,2334,tawa,JA21,67,P-CCP,551505.375,5225549,10,-122.32022008391868,47.18141910672656
Eastern gray squirrel,2334,tawa,JU21,127,P-CCP,551505.375,5225549,10,-122.32022008391868,47.18141910672656
Eastern gray squirrel,2334,tawa,OC20,41,P-CCP,551505.375,5225549,10,-122.32022008391868,47.18141910672656
Eastern gray squirrel,2336,tawa,AP21,8,P-WBC,553029.125,5224204.5,10,-122.30026973533971,47.16920045659492
Eastern gray squirrel,2336,tawa,JA21,9,P-WBC,553029.125,5224204.5,10,-122.30026973533971,47.16920045659492
Eastern gray squirrel,2336,tawa,JU21,8,P-WBC,553029.125,5224204.5,10,-122.30026973533971,47.16920045659492
Eastern gray squirrel,2336,tawa,OC20,1,P-WBC,553029.125,5224204.5,10,-122.30026973533971,47.16920045659492
Eastern gray squirrel,2337,tawa,JA21,1,P-WWP,554814.6875,5224622,10,-122.27665975935894,47.17281070545192
Eastern gray squirrel,2338,tawa,AP21,67,P-BLP,554358.4375,5223381,10,-122.28283031300815,47.16168229763593
Eastern gray squirrel,2338,tawa,JA21,27,P-BLP,554358.4375,5223381,10,-122.28283031300815,47.16168229763593
Eastern gray squirrel,2338,tawa,JU21,2,P-BLP,554358.4375,5223381,10,-122.28283031300815,47.16168229763593
Eastern gray squirrel,2346,tawa,AP21,41,G-SB,535535,5238409,10,-122.52996962188311,47.298191196125245
Eastern gray squirrel,2346,tawa,JA21,1,G-SB,535535,5238409,10,-122.52996962188311,47.298191196125245
Eastern gray squirrel,2346,tawa,JU21,22,G-SB,535535,5238409,10,-122.52996962188311,47.298191196125245
Eastern gray squirrel,2346,tawa,OC20,5,G-SB,535535,5238409,10,-122.52996962188311,47.298191196125245
Eastern gray squirrel,2347,tawa,OC20,3,G-VP,536300.4375,5236384,10,-122.5200102255112,47.27992829292994
Eastern gray squirrel,2349,tawa,AP21,367,G-JP,538601.5625,5233888,10,-122.48980021466649,47.25733785038378
Eastern gray squirrel,2349,tawa,JA21,407,G-JP,538601.5625,5233888,10,-122.48980021466649,47.25733785038378
Eastern gray squirrel,2354,tawa,AP21,113,G-TNC2,538575.5,5231997,10,-122.49030793253215,47.240324138072616
Eastern gray squirrel,2354,tawa,JA21,153,G-TNC2,538575.5,5231997,10,-122.49030793253215,47.240324138072616
Eastern gray squirrel,2354,tawa,JU21,14,G-TNC2,538575.5,5231997,10,-122.49030793253215,47.240324138072616
Eastern gray squirrel,2354,tawa,OC20,334,G-TNC2,538575.5,5231997,10,-122.49030793253215,47.240324138072616
Eastern gray squirrel,2362,tawa,AP21,12,G-WLP2,540043.0625,5225041.5,10,-122.47154011345283,47.177650308061786
Eastern gray squirrel,2362,tawa,JA21,8,G-WLP2,540043.0625,5225041.5,10,-122.47154011345283,47.177650308061786
Eastern gray squirrel,2362,tawa,JU21,11,G-WLP2,540043.0625,5225041.5,10,-122.47154011345283,47.177650308061786
Eastern gray squirrel,2362,tawa,OC20,24,G-WLP2,540043.0625,5225041.5,10,-122.47154011345283,47.177650308061786
Eastern gray squirrel,2364,tawa,AP21,36,G-CLP3,537040.125,5232645.5,10,-122.51054008250263,47.24624781414887
Eastern gray squirrel,2364,tawa,JA21,12,G-CLP3,537040.125,5232645.5,10,-122.51054008250263,47.24624781414887
Eastern gray squirrel,2364,tawa,JU21,5,G-CLP3,537040.125,5232645.5,10,-122.51054008250263,47.24624781414887
Eastern gray squirrel,2364,tawa,OC20,125,G-CLP3,537040.125,5232645.5,10,-122.51054008250263,47.24624781414887
Eastern gray squirrel,3464,tawa,AP21,7,P-MKP3,543620.8125,5231466,10,-122.42370007767919,47.2352303289375
Eastern gray squirrel,3464,tawa,OC20,31,P-MKP3,543620.8125,5231466,10,-122.42370007767919,47.2352303289375
Eastern gray squirrel,3467,tawa,AP21,57,P-UWT,542368.0625,5232307,10,-122.440170358001,47.2428796550409
Eastern gray squirrel,3467,tawa,JA21,7,P-UWT,542368.0625,5232307,10,-122.440170358001,47.2428796550409
Eastern gray squirrel,3467,tawa,JU21,27,P-UWT,542368.0625,5232307,10,-122.440170358001,47.2428796550409
Eastern gray squirrel,3467,tawa,OC20,47,P-UWT,542368.0625,5232307,10,-122.440170358001,47.2428796550409
Eastern gray squirrel,3471,tawa,AP21,30,G-IP,540642.0625,5231492.5,10,-122.46304982780435,47.235659943921206
Eastern gray squirrel,3471,tawa,JA21,24,G-IP,540642.0625,5231492.5,10,-122.46304982780435,47.235659943921206
Eastern gray squirrel,3471,tawa,OC20,21,G-IP,540642.0625,5231492.5,10,-122.46304982780435,47.235659943921206
Eastern gray squirrel,3472,tawa,AP21,16,G-SERA,538535.9375,5227825.5,10,-122.49118989961514,47.20279106036013
Eastern gray squirrel,3472,tawa,JA21,4,G-SERA,538535.9375,5227825.5,10,-122.49118989961514,47.20279106036013
Eastern gray squirrel,3472,tawa,JU21,5,G-SERA,538535.9375,5227825.5,10,-122.49118989961514,47.20279106036013
Eastern gray squirrel,3474,tawa,AP21,15,G-CBP2,543422.4375,5226249,10,-122.42682678938667,47.1883010270148
Eastern gray squirrel,3474,tawa,JU21,12,G-CBP2,543422.4375,5226249,10,-122.42682678938667,47.1883010270148
Elk,2341,tawa,AP21,7,P-RWSR,555692.8125,5197156,10,-122.26845992226573,46.92559930766051
Elk,2341,tawa,JA21,12,P-RWSR,555692.8125,5197156,10,-122.26845992226573,46.92559930766051
Elk,2341,tawa,JU21,16,P-RWSR,555692.8125,5197156,10,-122.26845992226573,46.92559930766051
Elk,2341,tawa,OC20,19,P-RWSR,555692.8125,5197156,10,-122.26845992226573,46.92559930766051
Elk,2342,tawa,JU21,2,P-OLT,555380.3125,5195714,10,-122.2727399501913,46.91265010614948
Elk,3468,tawa,JU21,3,P-TE2,554855,5196770,10,-122.27951048782658,46.92219579840345
Elk,3468,tawa,OC20,1,P-TE2,554855,5196770,10,-122.27951048782658,46.92219579840345
Elk,3469,tawa,JA21,35,P-OV2,550048.5625,5190938,10,-122.34327690455926,46.87009737411258
Elk,3469,tawa,JU21,33,P-OV2,550048.5625,5190938,10,-122.34327690455926,46.87009737411258
Fox squirrel,3379,oaca,JU21,2,HT,577039.375,4181267.5,10,-122.12520031814923,37.775504171738376
Fox squirrel,3383,oaca,AP21,15,AB,567123,4183440,10,-122.23759206133575,37.79586579832616
Fox squirrel,3383,oaca,JA21,70,AB,567123,4183440,10,-122.23759206133575,37.79586579832616
Fox squirrel,3383,oaca,JU21,10,AB,567123,4183440,10,-122.23759206133575,37.79586579832616
Fox squirrel,3384,oaca,JA21,4,CB,572155,4184290,10,-122.18035727643793,37.803142529093726
Fox squirrel,3384,oaca,JU21,12,CB,572155,4184290,10,-122.18035727643793,37.803142529093726
Fox squirrel,3387,oaca,JU21,2,CR,575257.1875,4178946.75,10,-122.14567601162237,37.75473747299067
Fox squirrel,3389,oaca,JA21,1,WP,575743.9375,4178844.25,10,-122.14016165799895,37.753773534843326
Fox squirrel,3389,oaca,JU21,5,WP,575743.9375,4178844.25,10,-122.14016165799895,37.753773534843326
Fox squirrel,3390,oaca,AP21,9,DY,571940,4182400,10,-122.18298694516211,37.78612625493866
Fox squirrel,3390,oaca,JU21,8,DY,571940,4182400,10,-122.18298694516211,37.78612625493866
Deer,2309,tawa,JA21,55,P-OB,535487.875,5240075.5,10,-122.5304601657384,47.31318888282613
Deer,2309,tawa,JU21,3,P-OB,535487.875,5240075.5,10,-122.5304601657384,47.31318888282613
Deer,2309,tawa,OC20,18,P-OB,535487.875,5240075.5,10,-122.5304601657384,47.31318888282613
Deer,2310,tawa,JU21,15,P-RP,536875.3125,5238307,10,-122.51225005999778,47.29719932320845
Deer,2310,tawa,OC20,66,P-RP,536875.3125,5238307,10,-122.51225005999778,47.29719932320845
Deer,2311,tawa,JA21,20,P-STP,538434.5625,5236995.5,10,-122.49173974370129,47.28530888330367
Deer,2311,tawa,JU21,26,P-STP,538434.5625,5236995.5,10,-122.49173974370129,47.28530888330367
Deer,2311,tawa,OC20,5,P-STP,538434.5625,5236995.5,10,-122.49173974370129,47.28530888330367
Deer,2316,tawa,AP21,35,P-DPV,534489.5625,5240438.5,10,-122.5436402745423,47.3165085016772
Deer,2316,tawa,JA21,67,P-DPV,534489.5625,5240438.5,10,-122.5436402745423,47.3165085016772
Deer,2316,tawa,JU21,16,P-DPV,534489.5625,5240438.5,10,-122.5436402745423,47.3165085016772
Deer,2316,tawa,OC20,26,P-DPV,534489.5625,5240438.5,10,-122.5436402745423,47.3165085016772
Deer,2320,tawa,JA21,15,P-PCNA2,539001.125,5236057,10,-122.48432986987385,47.27683082960451
Deer,2320,tawa,OC20,7,P-PCNA2,539001.125,5236057,10,-122.48432986987385,47.27683082960451
Deer,2321,tawa,AP21,17,P-CUP,539988,5235632.5,10,-122.471320086731,47.27295174449351
Deer,2321,tawa,JA21,21,P-CUP,539988,5235632.5,10,-122.471320086731,47.27295174449351
Deer,2321,tawa,JU21,60,P-CUP,539988,5235632.5,10,-122.471320086731,47.27295174449351
Deer,2321,tawa,OC20,24,P-CUP,539988,5235632.5,10,-122.471320086731,47.27295174449351
Deer,2322,tawa,AP21,10,P-GP,541039.4375,5235299.5,10,-122.45745032482698,47.269890460874926
Deer,2322,tawa,JA21,11,P-GP,541039.4375,5235299.5,10,-122.45745032482698,47.269890460874926
Deer,2322,tawa,OC20,77,P-GP,541039.4375,5235299.5,10,-122.45745032482698,47.269890460874926
Deer,2331,tawa,OC20,12,P-SCP2,545624.375,5229907.5,10,-122.3973902834904,47.22107090831066
Deer,2334,tawa,AP21,2,P-CCP,551505.375,5225549,10,-122.32022008391868,47.18141910672656
Deer,2334,tawa,JA21,1,P-CCP,551505.375,5225549,10,-122.32022008391868,47.18141910672656
Deer,2334,tawa,JU21,4,P-CCP,551505.375,5225549,10,-122.32022008391868,47.18141910672656
Deer,2334,tawa,OC20,12,P-CCP,551505.375,5225549,10,-122.32022008391868,47.18141910672656
Deer,2336,tawa,JA21,1,P-WBC,553029.125,5224204.5,10,-122.30026973533971,47.16920045659492
Deer,2336,tawa,OC20,6,P-WBC,553029.125,5224204.5,10,-122.30026973533971,47.16920045659492
Deer,2338,tawa,AP21,1,P-BLP,554358.4375,5223381,10,-122.28283031300815,47.16168229763593
Deer,2338,tawa,JA21,1,P-BLP,554358.4375,5223381,10,-122.28283031300815,47.16168229763593
Deer,2338,tawa,JU21,7,P-BLP,554358.4375,5223381,10,-122.28283031300815,47.16168229763593
Deer,2341,tawa,AP21,22,P-RWSR,555692.8125,5197156,10,-122.26845992226573,46.92559930766051
Deer,2341,tawa,JA21,24,P-RWSR,555692.8125,5197156,10,-122.26845992226573,46.92559930766051
Deer,2341,tawa,JU21,41,P-RWSR,555692.8125,5197156,10,-122.26845992226573,46.92559930766051
Deer,2341,tawa,OC20,19,P-RWSR,555692.8125,5197156,10,-122.26845992226573,46.92559930766051
Deer,2342,tawa,AP21,13,P-OLT,555380.3125,5195714,10,-122.2727399501913,46.91265010614948
Deer,2342,tawa,JA21,29,P-OLT,555380.3125,5195714,10,-122.2727399501913,46.91265010614948
Deer,2342,tawa,JU21,34,P-OLT,555380.3125,5195714,10,-122.2727399501913,46.91265010614948
Deer,2342,tawa,OC20,30,P-OLT,555380.3125,5195714,10,-122.2727399501913,46.91265010614948
Deer,2346,tawa,AP21,82,G-SB,535535,5238409,10,-122.52996962188311,47.298191196125245
Deer,2346,tawa,JA21,68,G-SB,535535,5238409,10,-122.52996962188311,47.298191196125245
Deer,2346,tawa,JU21,64,G-SB,535535,5238409,10,-122.52996962188311,47.298191196125245
Deer,2346,tawa,OC20,76,G-SB,535535,5238409,10,-122.52996962188311,47.298191196125245
Deer,2347,tawa,AP21,1,G-VP,536300.4375,5236384,10,-122.5200102255112,47.27992829292994
Deer,2347,tawa,JA21,1,G-VP,536300.4375,5236384,10,-122.5200102255112,47.27992829292994
Deer,2347,tawa,JU21,7,G-VP,536300.4375,5236384,10,-122.5200102255112,47.27992829292994
Deer,2347,tawa,OC20,3,G-VP,536300.4375,5236384,10,-122.5200102255112,47.27992829292994
Deer,2354,tawa,AP21,177,G-TNC2,538575.5,5231997,10,-122.49030793253215,47.240324138072616
Deer,2354,tawa,JA21,33,G-TNC2,538575.5,5231997,10,-122.49030793253215,47.240324138072616
Deer,2354,tawa,JU21,44,G-TNC2,538575.5,5231997,10,-122.49030793253215,47.240324138072616
Deer,2354,tawa,OC20,16,G-TNC2,538575.5,5231997,10,-122.49030793253215,47.240324138072616
Deer,3464,tawa,AP21,3,P-MKP3,543620.8125,5231466,10,-122.42370007767919,47.2352303289375
Deer,3464,tawa,OC20,2,P-MKP3,543620.8125,5231466,10,-122.42370007767919,47.2352303289375
Deer,3468,tawa,AP21,73,P-TE2,554855,5196770,10,-122.27951048782658,46.92219579840345
Deer,3468,tawa,JA21,6,P-TE2,554855,5196770,10,-122.27951048782658,46.92219579840345
Deer,3468,tawa,JU21,8,P-TE2,554855,5196770,10,-122.27951048782658,46.92219579840345
Deer,3468,tawa,OC20,143,P-TE2,554855,5196770,10,-122.27951048782658,46.92219579840345
Deer,3469,tawa,JU21,1,P-OV2,550048.5625,5190938,10,-122.34327690455926,46.87009737411258
Deer,4333,tawa,AP21,19,G-KP2,537217,5235182,10,-122.50799150845162,47.269061297727504
Deer,4333,tawa,OC20,2,G-KP2,537217,5235182,10,-122.50799150845162,47.269061297727504
Rabbit,2305,tawa,AP21,1,G-FP1,539350,5232700,10,-122.48001311823171,47.24660376310076
Rabbit,2305,tawa,JA21,26,G-FP1,539350,5232700,10,-122.48001311823171,47.24660376310076
Rabbit,2305,tawa,JU21,45,G-FP1,539350,5232700,10,-122.48001311823171,47.24660376310076
Rabbit,2310,tawa,JU21,6,P-RP,536875.3125,5238307,10,-122.51225005999778,47.29719932320845
Rabbit,2310,tawa,OC20,18,P-RP,536875.3125,5238307,10,-122.51225005999778,47.29719932320845
Rabbit,2311,tawa,JA21,4,P-STP,538434.5625,5236995.5,10,-122.49173974370129,47.28530888330367
Rabbit,2311,tawa,JU21,2,P-STP,538434.5625,5236995.5,10,-122.49173974370129,47.28530888330367
Rabbit,2320,tawa,JA21,1,P-PCNA2,539001.125,5236057,10,-122.48432986987385,47.27683082960451
Rabbit,2331,tawa,AP21,102,P-SCP2,545624.375,5229907.5,10,-122.3973902834904,47.22107090831066
Rabbit,2331,tawa,JA21,57,P-SCP2,545624.375,5229907.5,10,-122.3973902834904,47.22107090831066
Rabbit,2334,tawa,AP21,87,P-CCP,551505.375,5225549,10,-122.32022008391868,47.18141910672656
Rabbit,2336,tawa,AP21,2,P-WBC,553029.125,5224204.5,10,-122.30026973533971,47.16920045659492
Rabbit,2336,tawa,JU21,2,P-WBC,553029.125,5224204.5,10,-122.30026973533971,47.16920045659492
Rabbit,2341,tawa,AP21,6,P-RWSR,555692.8125,5197156,10,-122.26845992226573,46.92559930766051
Rabbit,2346,tawa,AP21,2,G-SB,535535,5238409,10,-122.52996962188311,47.298191196125245
Rabbit,2346,tawa,JU21,1,G-SB,535535,5238409,10,-122.52996962188311,47.298191196125245
Rabbit,2347,tawa,AP21,1,G-VP,536300.4375,5236384,10,-122.5200102255112,47.27992829292994
Rabbit,2349,tawa,JA21,3,G-JP,538601.5625,5233888,10,-122.48980021466649,47.25733785038378
Rabbit,2354,tawa,AP21,1,G-TNC2,538575.5,5231997,10,-122.49030793253215,47.240324138072616
Rabbit,2354,tawa,JU21,6,G-TNC2,538575.5,5231997,10,-122.49030793253215,47.240324138072616
Rabbit,2354,tawa,OC20,1,G-TNC2,538575.5,5231997,10,-122.49030793253215,47.240324138072616
Rabbit,2364,tawa,AP21,11,G-CLP3,537040.125,5232645.5,10,-122.51054008250263,47.24624781414887
Rabbit,2364,tawa,JA21,27,G-CLP3,537040.125,5232645.5,10,-122.51054008250263,47.24624781414887
Rabbit,2364,tawa,JU21,9,G-CLP3,537040.125,5232645.5,10,-122.51054008250263,47.24624781414887
Rabbit,2364,tawa,OC20,33,G-CLP3,537040.125,5232645.5,10,-122.51054008250263,47.24624781414887
Rabbit,3381,oaca,AP21,1,DK,569689.6875,4177592,10,-122.20900282254252,37.74296907041338
Rabbit,3384,oaca,JU21,1,CB,572155,4184290,10,-122.18035727643793,37.803142529093726
Rabbit,3467,tawa,AP21,1,P-UWT,542368.0625,5232307,10,-122.440170358001,47.2428796550409
Rabbit,3467,tawa,JA21,159,P-UWT,542368.0625,5232307,10,-122.440170358001,47.2428796550409
Rabbit,3467,tawa,JU21,83,P-UWT,542368.0625,5232307,10,-122.440170358001,47.2428796550409
Rabbit,3467,tawa,OC20,51,P-UWT,542368.0625,5232307,10,-122.440170358001,47.2428796550409
Rabbit,3468,tawa,JU21,4,P-TE2,554855,5196770,10,-122.27951048782658,46.92219579840345
Rabbit,3471,tawa,JA21,41,G-IP,540642.0625,5231492.5,10,-122.46304982780435,47.235659943921206
Rabbit,3471,tawa,OC20,4,G-IP,540642.0625,5231492.5,10,-122.46304982780435,47.235659943921206
Rabbit,3472,tawa,AP21,94,G-SERA,538535.9375,5227825.5,10,-122.49118989961514,47.20279106036013
Rabbit,3472,tawa,JA21,95,G-SERA,538535.9375,5227825.5,10,-122.49118989961514,47.20279106036013
Rabbit,3472,tawa,JU21,13,G-SERA,538535.9375,5227825.5,10,-122.49118989961514,47.20279106036013
Rabbit,4333,tawa,JA21,4,G-KP2,537217,5235182,10,-122.50799150845162,47.269061297727504
Raccoon,2305,tawa,AP21,21,G-FP1,539350,5232700,10,-122.48001311823171,47.24660376310076
Raccoon,2305,tawa,JA21,28,G-FP1,539350,5232700,10,-122.48001311823171,47.24660376310076
Raccoon,2305,tawa,JU21,30,G-FP1,539350,5232700,10,-122.48001311823171,47.24660376310076
Raccoon,2309,tawa,JA21,4,P-OB,535487.875,5240075.5,10,-122.5304601657384,47.31318888282613
Raccoon,2309,tawa,JU21,2,P-OB,535487.875,5240075.5,10,-122.5304601657384,47.31318888282613
Raccoon,2309,tawa,OC20,5,P-OB,535487.875,5240075.5,10,-122.5304601657384,47.31318888282613
Raccoon,2310,tawa,JU21,38,P-RP,536875.3125,5238307,10,-122.51225005999778,47.29719932320845
Raccoon,2310,tawa,OC20,73,P-RP,536875.3125,5238307,10,-122.51225005999778,47.29719932320845
Raccoon,2311,tawa,JA21,24,P-STP,538434.5625,5236995.5,10,-122.49173974370129,47.28530888330367
Raccoon,2311,tawa,JU21,13,P-STP,538434.5625,5236995.5,10,-122.49173974370129,47.28530888330367
Raccoon,2311,tawa,OC20,6,P-STP,538434.5625,5236995.5,10,-122.49173974370129,47.28530888330367
Raccoon,2316,tawa,AP21,7,P-DPV,534489.5625,5240438.5,10,-122.5436402745423,47.3165085016772
Raccoon,2316,tawa,JA21,9,P-DPV,534489.5625,5240438.5,10,-122.5436402745423,47.3165085016772
Raccoon,2316,tawa,OC20,9,P-DPV,534489.5625,5240438.5,10,-122.5436402745423,47.3165085016772
Raccoon,2320,tawa,JA21,28,P-PCNA2,539001.125,5236057,10,-122.48432986987385,47.27683082960451
Raccoon,2320,tawa,JU21,13,P-PCNA2,539001.125,5236057,10,-122.48432986987385,47.27683082960451
Raccoon,2320,tawa,OC20,21,P-PCNA2,539001.125,5236057,10,-122.48432986987385,47.27683082960451
Raccoon,2321,tawa,AP21,61,P-CUP,539988,5235632.5,10,-122.471320086731,47.27295174449351
Raccoon,2321,tawa,JA21,43,P-CUP,539988,5235632.5,10,-122.471320086731,47.27295174449351
Raccoon,2321,tawa,JU21,19,P-CUP,539988,5235632.5,10,-122.471320086731,47.27295174449351
Raccoon,2321,tawa,OC20,23,P-CUP,539988,5235632.5,10,-122.471320086731,47.27295174449351
Raccoon,2331,tawa,AP21,1,P-SCP2,545624.375,5229907.5,10,-122.3973902834904,47.22107090831066
Raccoon,2331,tawa,OC20,1,P-SCP2,545624.375,5229907.5,10,-122.3973902834904,47.22107090831066
Raccoon,2334,tawa,AP21,46,P-CCP,551505.375,5225549,10,-122.32022008391868,47.18141910672656
Raccoon,2334,tawa,JA21,86,P-CCP,551505.375,5225549,10,-122.32022008391868,47.18141910672656
Raccoon,2334,tawa,JU21,15,P-CCP,551505.375,5225549,10,-122.32022008391868,47.18141910672656
Raccoon,2334,tawa,OC20,47,P-CCP,551505.375,5225549,10,-122.32022008391868,47.18141910672656
Raccoon,2336,tawa,AP21,24,P-WBC,553029.125,5224204.5,10,-122.30026973533971,47.16920045659492
Raccoon,2336,tawa,JA21,35,P-WBC,553029.125,5224204.5,10,-122.30026973533971,47.16920045659492
Raccoon,2336,tawa,JU21,2,P-WBC,553029.125,5224204.5,10,-122.30026973533971,47.16920045659492
Raccoon,2336,tawa,OC20,9,P-WBC,553029.125,5224204.5,10,-122.30026973533971,47.16920045659492
Raccoon,2338,tawa,AP21,1,P-BLP,554358.4375,5223381,10,-122.28283031300815,47.16168229763593
Raccoon,2338,tawa,JA21,2,P-BLP,554358.4375,5223381,10,-122.28283031300815,47.16168229763593
Raccoon,2341,tawa,AP21,9,P-RWSR,555692.8125,5197156,10,-122.26845992226573,46.92559930766051
Raccoon,2341,tawa,JA21,13,P-RWSR,555692.8125,5197156,10,-122.26845992226573,46.92559930766051
Raccoon,2341,tawa,OC20,5,P-RWSR,555692.8125,5197156,10,-122.26845992226573,46.92559930766051
Raccoon,2342,tawa,AP21,6,P-OLT,555380.3125,5195714,10,-122.2727399501913,46.91265010614948
Raccoon,2342,tawa,JA21,18,P-OLT,555380.3125,5195714,10,-122.2727399501913,46.91265010614948
Raccoon,2342,tawa,JU21,7,P-OLT,555380.3125,5195714,10,-122.2727399501913,46.91265010614948
Raccoon,2342,tawa,OC20,3,P-OLT,555380.3125,5195714,10,-122.2727399501913,46.91265010614948
Raccoon,2346,tawa,AP21,22,G-SB,535535,5238409,10,-122.52996962188311,47.298191196125245
Raccoon,2346,tawa,JA21,11,G-SB,535535,5238409,10,-122.52996962188311,47.298191196125245
Raccoon,2346,tawa,JU21,1,G-SB,535535,5238409,10,-122.52996962188311,47.298191196125245
Raccoon,2346,tawa,OC20,2,G-SB,535535,5238409,10,-122.52996962188311,47.298191196125245
Raccoon,2347,tawa,JA21,5,G-VP,536300.4375,5236384,10,-122.5200102255112,47.27992829292994
Raccoon,2347,tawa,JU21,34,G-VP,536300.4375,5236384,10,-122.5200102255112,47.27992829292994
Raccoon,2347,tawa,OC20,2,G-VP,536300.4375,5236384,10,-122.5200102255112,47.27992829292994
Raccoon,2349,tawa,AP21,16,G-JP,538601.5625,5233888,10,-122.48980021466649,47.25733785038378
Raccoon,2349,tawa,JA21,13,G-JP,538601.5625,5233888,10,-122.48980021466649,47.25733785038378
Raccoon,2354,tawa,JA21,11,G-TNC2,538575.5,5231997,10,-122.49030793253215,47.240324138072616
Raccoon,2354,tawa,JU21,16,G-TNC2,538575.5,5231997,10,-122.49030793253215,47.240324138072616
Raccoon,2354,tawa,OC20,25,G-TNC2,538575.5,5231997,10,-122.49030793253215,47.240324138072616
Raccoon,2362,tawa,AP21,8,G-WLP2,540043.0625,5225041.5,10,-122.47154011345283,47.177650308061786
Raccoon,2362,tawa,JA21,54,G-WLP2,540043.0625,5225041.5,10,-122.47154011345283,47.177650308061786
Raccoon,2362,tawa,OC20,22,G-WLP2,540043.0625,5225041.5,10,-122.47154011345283,47.177650308061786
Raccoon,2364,tawa,AP21,9,G-CLP3,537040.125,5232645.5,10,-122.51054008250263,47.24624781414887
Raccoon,3379,oaca,AP21,13,HT,577039.375,4181267.5,10,-122.12520031814923,37.775504171738376
Raccoon,3383,oaca,AP21,12,AB,567123,4183440,10,-122.23759206133575,37.79586579832616
Raccoon,3383,oaca,JA21,187,AB,567123,4183440,10,-122.23759206133575,37.79586579832616
Raccoon,3383,oaca,JU21,31,AB,567123,4183440,10,-122.23759206133575,37.79586579832616
Raccoon,3383,oaca,OC20,37,AB,567123,4183440,10,-122.23759206133575,37.79586579832616
Raccoon,3384,oaca,AP21,3,CB,572155,4184290,10,-122.18035727643793,37.803142529093726
Raccoon,3384,oaca,JU21,4,CB,572155,4184290,10,-122.18035727643793,37.803142529093726
Raccoon,3386,oaca,AP21,2,H18,577284,4177590,10,-122.12281431345347,37.7423411134739
Raccoon,3387,oaca,JA21,2,CR,575257.1875,4178946.75,10,-122.14567601162237,37.75473747299067
Raccoon,3387,oaca,OC20,2,CR,575257.1875,4178946.75,10,-122.14567601162237,37.75473747299067
Raccoon,3389,oaca,AP21,1,WP,575743.9375,4178844.25,10,-122.14016165799895,37.753773534843326
Raccoon,3389,oaca,JA21,18,WP,575743.9375,4178844.25,10,-122.14016165799895,37.753773534843326
Raccoon,3389,oaca,OC20,4,WP,575743.9375,4178844.25,10,-122.14016165799895,37.753773534843326
Raccoon,3390,oaca,AP21,1,DY,571940,4182400,10,-122.18298694516211,37.78612625493866
Raccoon,3390,oaca,JU21,7,DY,571940,4182400,10,-122.18298694516211,37.78612625493866
Raccoon,3391,oaca,AP21,10,MA,570794.25,4175410.25,10,-122.19667933091583,37.72322142384811
Raccoon,3391,oaca,OC20,3,MA,570794.25,4175410.25,10,-122.19667933091583,37.72322142384811
Raccoon,3393,oaca,AP21,34,PER,570553.75,4174456.25,10,-122.19950062871011,37.714642110545945
Raccoon,3393,oaca,JU21,11,PER,570553.75,4174456.25,10,-122.19950062871011,37.714642110545945
Raccoon,3464,tawa,AP21,2,P-MKP3,543620.8125,5231466,10,-122.42370007767919,47.2352303289375
Raccoon,3464,tawa,JA21,24,P-MKP3,543620.8125,5231466,10,-122.42370007767919,47.2352303289375
Raccoon,3464,tawa,JU21,3,P-MKP3,543620.8125,5231466,10,-122.42370007767919,47.2352303289375
Raccoon,3464,tawa,OC20,1,P-MKP3,543620.8125,5231466,10,-122.42370007767919,47.2352303289375
Raccoon,3467,tawa,AP21,9,P-UWT,542368.0625,5232307,10,-122.440170358001,47.2428796550409
Raccoon,3467,tawa,JA21,4,P-UWT,542368.0625,5232307,10,-122.440170358001,47.2428796550409
Raccoon,3467,tawa,JU21,19,P-UWT,542368.0625,5232307,10,-122.440170358001,47.2428796550409
Raccoon,3467,tawa,OC20,3,P-UWT,542368.0625,5232307,10,-122.440170358001,47.2428796550409
Raccoon,3468,tawa,JA21,1,P-TE2,554855,5196770,10,-122.27951048782658,46.92219579840345
Raccoon,3469,tawa,JA21,3,P-OV2,550048.5625,5190938,10,-122.34327690455926,46.87009737411258
Raccoon,3471,tawa,AP21,17,G-IP,540642.0625,5231492.5,10,-122.46304982780435,47.235659943921206
Raccoon,3472,tawa,AP21,1,G-SERA,538535.9375,5227825.5,10,-122.49118989961514,47.20279106036013
Raccoon,3472,tawa,JA21,2,G-SERA,538535.9375,5227825.5,10,-122.49118989961514,47.20279106036013
Raccoon,3474,tawa,AP21,8,G-CBP2,543422.4375,5226249,10,-122.42682678938667,47.1883010270148
Raccoon,3474,tawa,JU21,7,G-CBP2,543422.4375,5226249,10,-122.42682678938667,47.1883010270148
Raccoon,4333,tawa,AP21,12,G-KP2,537217,5235182,10,-122.50799150845162,47.269061297727504
Raccoon,4333,tawa,OC20,8,G-KP2,537217,5235182,10,-122.50799150845162,47.269061297727504
Red fox,3391,oaca,AP21,1,MA,570794.25,4175410.25,10,-122.19667933091583,37.72322142384811
Stoat,3468,tawa,JU21,1,P-TE2,554855,5196770,10,-122.27951048782658,46.92219579840345
Striped Skunk,2311,tawa,JU21,3,P-STP,538434.5625,5236995.5,10,-122.49173974370129,47.28530888330367
Striped Skunk,2334,tawa,AP21,17,P-CCP,551505.375,5225549,10,-122.32022008391868,47.18141910672656
Striped Skunk,2334,tawa,JA21,4,P-CCP,551505.375,5225549,10,-122.32022008391868,47.18141910672656
Striped Skunk,2334,tawa,JU21,83,P-CCP,551505.375,5225549,10,-122.32022008391868,47.18141910672656
Striped Skunk,2334,tawa,OC20,16,P-CCP,551505.375,5225549,10,-122.32022008391868,47.18141910672656
Striped Skunk,2336,tawa,AP21,2,P-WBC,553029.125,5224204.5,10,-122.30026973533971,47.16920045659492
Striped Skunk,2341,tawa,OC20,1,P-RWSR,555692.8125,5197156,10,-122.26845992226573,46.92559930766051
Striped Skunk,2347,tawa,JU21,3,G-VP,536300.4375,5236384,10,-122.5200102255112,47.27992829292994
Striped Skunk,2347,tawa,OC20,1,G-VP,536300.4375,5236384,10,-122.5200102255112,47.27992829292994
Striped Skunk,2354,tawa,JA21,6,G-TNC2,538575.5,5231997,10,-122.49030793253215,47.240324138072616
Striped Skunk,3377,oaca,JA21,1,BT,579523.4375,4177573.25,10,-122.09740103019818,37.74199827050061
Striped Skunk,3378,oaca,JA21,1,GT,577615.25,4179526.25,10,-122.11884806430689,37.75976297425415
Striped Skunk,3380,oaca,JA21,1,MT,575692,4183114.25,10,-122.1403056978608,37.7922600644958
Striped Skunk,3384,oaca,JA21,3,CB,572155,4184290,10,-122.18035727643793,37.803142529093726
Striped Skunk,3387,oaca,JU21,1,CR,575257.1875,4178946.75,10,-122.14567601162237,37.75473747299067
Striped Skunk,3390,oaca,JU21,1,DY,571940,4182400,10,-122.18298694516211,37.78612625493866
Striped Skunk,3391,oaca,AP21,1,MA,570794.25,4175410.25,10,-122.19667933091583,37.72322142384811
Striped Skunk,3393,oaca,AP21,7,PER,570553.75,4174456.25,10,-122.19950062871011,37.714642110545945
Striped Skunk,3393,oaca,JU21,1,PER,570553.75,4174456.25,10,-122.19950062871011,37.714642110545945
Virginia opossum,2305,tawa,AP21,2,G-FP1,539350,5232700,10,-122.48001311823171,47.24660376310076
Virginia opossum,2305,tawa,JA21,4,G-FP1,539350,5232700,10,-122.48001311823171,47.24660376310076
Virginia opossum,2305,tawa,JU21,18,G-FP1,539350,5232700,10,-122.48001311823171,47.24660376310076
Virginia opossum,2310,tawa,JU21,6,P-RP,536875.3125,5238307,10,-122.51225005999778,47.29719932320845
Virginia opossum,2311,tawa,JA21,2,P-STP,538434.5625,5236995.5,10,-122.49173974370129,47.28530888330367
Virginia opossum,2311,tawa,JU21,6,P-STP,538434.5625,5236995.5,10,-122.49173974370129,47.28530888330367
Virginia opossum,2311,tawa,OC20,12,P-STP,538434.5625,5236995.5,10,-122.49173974370129,47.28530888330367
Virginia opossum,2320,tawa,JA21,3,P-PCNA2,539001.125,5236057,10,-122.48432986987385,47.27683082960451
Virginia opossum,2321,tawa,AP21,14,P-CUP,539988,5235632.5,10,-122.471320086731,47.27295174449351
Virginia opossum,2321,tawa,JA21,3,P-CUP,539988,5235632.5,10,-122.471320086731,47.27295174449351
Virginia opossum,2321,tawa,JU21,46,P-CUP,539988,5235632.5,10,-122.471320086731,47.27295174449351
Virginia opossum,2321,tawa,OC20,13,P-CUP,539988,5235632.5,10,-122.471320086731,47.27295174449351
Virginia opossum,2331,tawa,JA21,9,P-SCP2,545624.375,5229907.5,10,-122.3973902834904,47.22107090831066
Virginia opossum,2331,tawa,JU21,4,P-SCP2,545624.375,5229907.5,10,-122.3973902834904,47.22107090831066
Virginia opossum,2334,tawa,AP21,1,P-CCP,551505.375,5225549,10,-122.32022008391868,47.18141910672656
Virginia opossum,2334,tawa,OC20,4,P-CCP,551505.375,5225549,10,-122.32022008391868,47.18141910672656
Virginia opossum,2336,tawa,AP21,2,P-WBC,553029.125,5224204.5,10,-122.30026973533971,47.16920045659492
Virginia opossum,2338,tawa,AP21,9,P-BLP,554358.4375,5223381,10,-122.28283031300815,47.16168229763593
Virginia opossum,2338,tawa,JA21,5,P-BLP,554358.4375,5223381,10,-122.28283031300815,47.16168229763593
Virginia opossum,2341,tawa,JA21,3,P-RWSR,555692.8125,5197156,10,-122.26845992226573,46.92559930766051
Virginia opossum,2342,tawa,AP21,3,P-OLT,555380.3125,5195714,10,-122.2727399501913,46.91265010614948
Virginia opossum,2342,tawa,JU21,12,P-OLT,555380.3125,5195714,10,-122.2727399501913,46.91265010614948
Virginia opossum,2342,tawa,OC20,6,P-OLT,555380.3125,5195714,10,-122.2727399501913,46.91265010614948
Virginia opossum,2349,tawa,AP21,1,G-JP,538601.5625,5233888,10,-122.48980021466649,47.25733785038378
Virginia opossum,2349,tawa,JA21,7,G-JP,538601.5625,5233888,10,-122.48980021466649,47.25733785038378
Virginia opossum,2362,tawa,AP21,30,G-WLP2,540043.0625,5225041.5,10,-122.47154011345283,47.177650308061786
Virginia opossum,2362,tawa,JA21,14,G-WLP2,540043.0625,5225041.5,10,-122.47154011345283,47.177650308061786
Virginia opossum,2362,tawa,JU21,5,G-WLP2,540043.0625,5225041.5,10,-122.47154011345283,47.177650308061786
Virginia opossum,2364,tawa,JU21,5,G-CLP3,537040.125,5232645.5,10,-122.51054008250263,47.24624781414887
Virginia opossum,2364,tawa,OC20,1,G-CLP3,537040.125,5232645.5,10,-122.51054008250263,47.24624781414887
Virginia opossum,3383,oaca,AP21,1,AB,567123,4183440,10,-122.23759206133575,37.79586579832616
Virginia opossum,3383,oaca,JA21,2,AB,567123,4183440,10,-122.23759206133575,37.79586579832616
Virginia opossum,3384,oaca,JA21,1,CB,572155,4184290,10,-122.18035727643793,37.803142529093726
Virginia opossum,3390,oaca,AP21,46,DY,571940,4182400,10,-122.18298694516211,37.78612625493866
Virginia opossum,3390,oaca,JU21,19,DY,571940,4182400,10,-122.18298694516211,37.78612625493866
Virginia opossum,3391,oaca,AP21,3,MA,570794.25,4175410.25,10,-122.19667933091583,37.72322142384811
Virginia opossum,3393,oaca,AP21,161,PER,570553.75,4174456.25,10,-122.19950062871011,37.714642110545945
Virginia opossum,3393,oaca,JU21,58,PER,570553.75,4174456.25,10,-122.19950062871011,37.714642110545945
Virginia opossum,3464,tawa,JA21,5,P-MKP3,543620.8125,5231466,10,-122.42370007767919,47.2352303289375
Virginia opossum,3464,tawa,OC20,3,P-MKP3,543620.8125,5231466,10,-122.42370007767919,47.2352303289375
Virginia opossum,3467,tawa,JA21,1,P-UWT,542368.0625,5232307,10,-122.440170358001,47.2428796550409
Virginia opossum,3467,tawa,OC20,1,P-UWT,542368.0625,5232307,10,-122.440170358001,47.2428796550409
Virginia opossum,3469,tawa,JU21,2,P-OV2,550048.5625,5190938,10,-122.34327690455926,46.87009737411258
Virginia opossum,3471,tawa,OC20,1,G-IP,540642.0625,5231492.5,10,-122.46304982780435,47.235659943921206
Virginia opossum,3472,tawa,JA21,1,G-SERA,538535.9375,5227825.5,10,-122.49118989961514,47.20279106036013
Virginia opossum,3474,tawa,AP21,30,G-CBP2,543422.4375,5226249,10,-122.42682678938667,47.1883010270148
Virginia opossum,3474,tawa,JU21,11,G-CBP2,543422.4375,5226249,10,-122.42682678938667,47.1883010270148
Weasel (cannot ID),2316,tawa,JA21,1,P-DPV,534489.5625,5240438.5,10,-122.5436402745423,47.3165085016772
Weasel (cannot ID),2334,tawa,AP21,2,P-CCP,551505.375,5225549,10,-122.32022008391868,47.18141910672656
Western Chipmunks,2309,tawa,JU21,2,P-OB,535487.875,5240075.5,10,-122.5304601657384,47.31318888282613
Western Chipmunks,2316,tawa,AP21,6,P-DPV,534489.5625,5240438.5,10,-122.5436402745423,47.3165085016772
Western Chipmunks,2342,tawa,AP21,3,P-OLT,555380.3125,5195714,10,-122.2727399501913,46.91265010614948
Western Chipmunks,2342,tawa,JU21,68,P-OLT,555380.3125,5195714,10,-122.2727399501913,46.91265010614948
Western Chipmunks,2354,tawa,AP21,1,G-TNC2,538575.5,5231997,10,-122.49030793253215,47.240324138072616
Western Chipmunks,3468,tawa,AP21,1,P-TE2,554855,5196770,10,-122.27951048782658,46.92219579840345
Western Chipmunks,3468,tawa,JU21,15,P-TE2,554855,5196770,10,-122.27951048782658,46.92219579840345
Western gray squirrel,3382,oaca,OC20,1,EN,569795.9375,4176208,10,-122.20792986879542,37.73048775392695
Western gray squirrel,3383,oaca,OC20,1,AB,567123,4183440,10,-122.23759206133575,37.79586579832616
Western gray squirrel,3387,oaca,AP21,1,CR,575257.1875,4178946.75,10,-122.14567601162237,37.75473747299067
Western gray squirrel,3387,oaca,JA21,1,CR,575257.1875,4178946.75,10,-122.14567601162237,37.75473747299067
Western gray squirrel,3387,oaca,OC20,17,CR,575257.1875,4178946.75,10,-122.14567601162237,37.75473747299067
Western gray squirrel,3389,oaca,OC20,3,WP,575743.9375,4178844.25,10,-122.14016165799895,37.753773534843326
Deer,3376,oaca,OC20,2,HBT,578585.875,4176056.25,10,-122.1082052795166,37.72840774799266
Deer,3377,oaca,AP21,5,BT,579523.4375,4177573.25,10,-122.09740103019818,37.74199827050061
Deer,3377,oaca,JA21,3,BT,579523.4375,4177573.25,10,-122.09740103019818,37.74199827050061
Deer,3378,oaca,AP21,1,GT,577615.25,4179526.25,10,-122.11884806430689,37.75976297425415
Deer,3378,oaca,JU21,1,GT,577615.25,4179526.25,10,-122.11884806430689,37.75976297425415
Deer,3379,oaca,AP21,1,HT,577039.375,4181267.5,10,-122.12520031814923,37.775504171738376
Deer,3379,oaca,JU21,2,HT,577039.375,4181267.5,10,-122.12520031814923,37.775504171738376
Deer,3380,oaca,AP21,1,MT,575692,4183114.25,10,-122.1403056978608,37.7922600644958
Deer,3380,oaca,JA21,3,MT,575692,4183114.25,10,-122.1403056978608,37.7922600644958
Deer,3380,oaca,OC20,24,MT,575692,4183114.25,10,-122.1403056978608,37.7922600644958
Deer,3384,oaca,JA21,15,CB,572155,4184290,10,-122.18035727643793,37.803142529093726
Deer,3386,oaca,AP21,54,H18,577284,4177590,10,-122.12281431345347,37.7423411134739
Deer,3386,oaca,JA21,45,H18,577284,4177590,10,-122.12281431345347,37.7423411134739
Deer,3386,oaca,JU21,19,H18,577284,4177590,10,-122.12281431345347,37.7423411134739
Deer,3386,oaca,OC20,19,H18,577284,4177590,10,-122.12281431345347,37.7423411134739
Deer,3387,oaca,AP21,11,CR,575257.1875,4178946.75,10,-122.14567601162237,37.75473747299067
Deer,3389,oaca,AP21,20,WP,575743.9375,4178844.25,10,-122.14016165799895,37.753773534843326
Deer,3389,oaca,JA21,1,WP,575743.9375,4178844.25,10,-122.14016165799895,37.753773534843326
Deer,3389,oaca,JU21,38,WP,575743.9375,4178844.25,10,-122.14016165799895,37.753773534843326
Deer,3389,oaca,OC20,22,WP,575743.9375,4178844.25,10,-122.14016165799895,37.753773534843326
Black bear,2252,paca,AP21,1,H01-CCH1,389887,3781720,11,-118.19473427204494,34.17062801301575
Black bear,3806,paca,JA21,1,H01-OXY1,388478,3776890,11,-118.20939813219789,34.126927657671985
Bobcat,2315,paca,AP21,1,H01-HFR1,382075,3787650,11,-118.28028507983585,34.22324078580839
Bobcat,2315,paca,JU21,4,H01-HFR1,382075,3787650,11,-118.28028507983585,34.22324078580839
Bobcat,2315,paca,OC20,3,H01-HFR1,382075,3787650,11,-118.28028507983585,34.22324078580839
Bobcat,3025,paca,JA21,1,H01-WWD1,384098,3786890,11,-118.2582246305454,34.21661561280118
Bobcat,3025,paca,OC20,2,H01-WWD1,384098,3786890,11,-118.2582246305454,34.21661561280118
Bobcat,3026,paca,AP21,1,H01-TMC1,391122,3782270,11,-118.18140606023435,34.17571692711669
Bobcat,3026,paca,JA21,6,H01-TMC1,391122,3782270,11,-118.18140606023435,34.17571692711669
Bobcat,3026,paca,JU21,1,H01-TMC1,391122,3782270,11,-118.18140606023435,34.17571692711669
Bobcat,3026,paca,OC20,2,H01-TMC1,391122,3782270,11,-118.18140606023435,34.17571692711669
Bobcat,3404,paca,JA21,4,H01-WAV1,379266,3789880,11,-118.31108646234127,34.24302479928483
Bobcat,3405,paca,OC20,4,H01-HNP1,391801,3784210,11,-118.17428217013232,34.19328012284418
Bobcat,3442,paca,AP21,11,H01-BEA2,385867,3783740,11,-118.23860893352783,34.18840910560693
Bobcat,3442,paca,JU21,3,H01-BEA2,385867,3783740,11,-118.23860893352783,34.18840910560693
Bobcat,3442,paca,OC20,2,H01-BEA2,385867,3783740,11,-118.23860893352783,34.18840910560693
Bobcat,3448,lbca,JU21,2,PWETZ01,427476,3739520,11,-117.78343380585201,33.793357122951015
Bobcat,3449,lbca,AP21,7,PWETZ02,428072,3738980,11,-117.77695209834594,33.788527901882254
Bobcat,3449,lbca,JU21,4,PWETZ02,428072,3738980,11,-117.77695209834594,33.788527901882254
Bobcat,3454,lbca,AP21,4,IRC02,432833,3736665,11,-117.72535244207181,33.76796313242066
Bobcat,3454,lbca,JU21,2,IRC02,432833,3736665,11,-117.72535244207181,33.76796313242066
Bobcat,3455,lbca,AP21,2,IRC03,434888,3735863,11,-117.70310242313036,33.76085865201455
Bobcat,3456,lbca,JU21,1,IRC04,436741,3734905,11,-117.68302581073523,33.75233115011393
Bobcat,3460,lbca,OC20,6,IRC07,440010,3731237,11,-117.64748293726181,33.719440685685356
Brush Rabbit,3418,lbca,JU21,2,ED05,413984,3741180,11,-117.92932622641054,33.807315562752066
Brush Rabbit,3420,lbca,AP21,1,ED07,421119,3741770,11,-117.85229947390039,33.813192955781574
Brush Rabbit,3445,lbca,AP21,8,CalT02,418447,3740914,11,-117.88108802642428,33.8052705724534
Brush Rabbit,3445,lbca,JU21,14,CalT02,418447,3740914,11,-117.88108802642428,33.8052705724534
Brush Rabbit,3446,lbca,AP21,27,OAK,425950,3741450,11,-117.80007884799603,33.81065672706404
Brush Rabbit,3446,lbca,JU21,1,OAK,425950,3741450,11,-117.80007884799603,33.81065672706404
Brush Rabbit,3447,lbca,AP21,9,ELMOD,426611,3740120,11,-117.79282699635733,33.79870845016335
Brush Rabbit,3447,lbca,JU21,22,ELMOD,426611,3740120,11,-117.79282699635733,33.79870845016335
Brush Rabbit,3447,lbca,OC20,33,ELMOD,426611,3740120,11,-117.79282699635733,33.79870845016335
Brush Rabbit,3448,lbca,AP21,25,PWETZ01,427476,3739520,11,-117.78343380585201,33.793357122951015
Brush Rabbit,3448,lbca,JU21,29,PWETZ01,427476,3739520,11,-117.78343380585201,33.793357122951015
Brush Rabbit,3449,lbca,AP21,3,PWETZ02,428072,3738980,11,-117.77695209834594,33.788527901882254
Brush Rabbit,3449,lbca,JU21,1,PWETZ02,428072,3738980,11,-117.77695209834594,33.788527901882254
Brush Rabbit,3452,lbca,JU21,9,IRC01,431386,3736978,11,-117.74100210763476,33.77069310192292
Brush Rabbit,3454,lbca,AP21,17,IRC02,432833,3736665,11,-117.72535244207181,33.76796313242066
Brush Rabbit,3454,lbca,JU21,37,IRC02,432833,3736665,11,-117.72535244207181,33.76796313242066
Brush Rabbit,3460,lbca,AP21,1,IRC07,440010,3731237,11,-117.64748293726181,33.719440685685356
Brush Rabbit,3460,lbca,OC20,19,IRC07,440010,3731237,11,-117.64748293726181,33.719440685685356
California Ground Squirrel,2315,paca,OC20,3,H01-HFR1,382075,3787650,11,-118.28028507983585,34.22324078580839
California Ground Squirrel,3400,paca,JU21,12,H01-SPS1,392353,3776560,11,-118.16734266948977,34.124358734572354
California Ground Squirrel,3442,paca,AP21,4,H01-BEA2,385867,3783740,11,-118.23860893352783,34.18840910560693
California Ground Squirrel,3448,lbca,JU21,2,PWETZ01,427476,3739520,11,-117.78343380585201,33.793357122951015
California Ground Squirrel,3454,lbca,AP21,1,IRC02,432833,3736665,11,-117.72535244207181,33.76796313242066
California Ground Squirrel,3454,lbca,JU21,2,IRC02,432833,3736665,11,-117.72535244207181,33.76796313242066
California Ground Squirrel,3460,lbca,AP21,1,IRC07,440010,3731237,11,-117.64748293726181,33.719440685685356
California Ground Squirrel,3806,paca,AP21,13,H01-OXY1,388478,3776890,11,-118.20939813219789,34.126927657671985
California Ground Squirrel,4262,paca,AP21,17,H01-DEB1,389346.0625,3773540.75,11,-118.19955983106364,34.09682057580613
California Ground Squirrel,4262,paca,JA21,10,H01-DEB1,389346.0625,3773540.75,11,-118.19955983106364,34.09682057580613
Coyote,2252,paca,AP21,2,H01-CCH1,389887,3781720,11,-118.19473427204494,34.17062801301575
Coyote,2252,paca,JA21,8,H01-CCH1,389887,3781720,11,-118.19473427204494,34.17062801301575
Coyote,2252,paca,JU21,2,H01-CCH1,389887,3781720,11,-118.19473427204494,34.17062801301575
Coyote,2252,paca,OC20,1,H01-CCH1,389887,3781720,11,-118.19473427204494,34.17062801301575
Coyote,2315,paca,JU21,4,H01-HFR1,382075,3787650,11,-118.28028507983585,34.22324078580839
Coyote,3025,paca,AP21,4,H01-WWD1,384098,3786890,11,-118.2582246305454,34.21661561280118
Coyote,3025,paca,JU21,5,H01-WWD1,384098,3786890,11,-118.2582246305454,34.21661561280118
Coyote,3025,paca,OC20,7,H01-WWD1,384098,3786890,11,-118.2582246305454,34.21661561280118
Coyote,3026,paca,AP21,20,H01-TMC1,391122,3782270,11,-118.18140606023435,34.17571692711669
Coyote,3026,paca,JA21,82,H01-TMC1,391122,3782270,11,-118.18140606023435,34.17571692711669
Coyote,3026,paca,JU21,45,H01-TMC1,391122,3782270,11,-118.18140606023435,34.17571692711669
Coyote,3026,paca,OC20,37,H01-TMC1,391122,3782270,11,-118.18140606023435,34.17571692711669
Coyote,3305,paca,AP21,2,H01-OCC1,386215,3785190,11,-118.23502371495428,34.201521140726356
Coyote,3305,paca,JA21,3,H01-OCC1,386215,3785190,11,-118.23502371495428,34.201521140726356
Coyote,3305,paca,JU21,5,H01-OCC1,386215,3785190,11,-118.23502371495428,34.201521140726356
Coyote,3401,paca,AP21,1,H01-FIR2,387970,3781990,11,-118.21556469284234,34.17285827499284
Coyote,3404,paca,AP21,5,H01-WAV1,379266,3789880,11,-118.31108646234127,34.24302479928483
Coyote,3404,paca,JA21,1,H01-WAV1,379266,3789880,11,-118.31108646234127,34.24302479928483
Coyote,3405,paca,AP21,15,H01-HNP1,391801,3784210,11,-118.17428217013232,34.19328012284418
Coyote,3405,paca,JA21,47,H01-HNP1,391801,3784210,11,-118.17428217013232,34.19328012284418
Coyote,3405,paca,JU21,24,H01-HNP1,391801,3784210,11,-118.17428217013232,34.19328012284418
Coyote,3405,paca,OC20,74,H01-HNP1,391801,3784210,11,-118.17428217013232,34.19328012284418
Coyote,3418,lbca,AP21,4,ED05,413984,3741180,11,-117.92932622641054,33.807315562752066
Coyote,3442,paca,AP21,4,H01-BEA2,385867,3783740,11,-118.23860893352783,34.18840910560693
Coyote,3442,paca,JA21,3,H01-BEA2,385867,3783740,11,-118.23860893352783,34.18840910560693
Coyote,3442,paca,JU21,2,H01-BEA2,385867,3783740,11,-118.23860893352783,34.18840910560693
Coyote,3442,paca,OC20,8,H01-BEA2,385867,3783740,11,-118.23860893352783,34.18840910560693
Coyote,3444,lbca,AP21,2,CalT01,415198,3742101,11,-117.91630006668773,33.815719290585086
Coyote,3445,lbca,AP21,11,CalT02,418447,3740914,11,-117.88108802642428,33.8052705724534
Coyote,3445,lbca,JU21,20,CalT02,418447,3740914,11,-117.88108802642428,33.8052705724534
Coyote,3446,lbca,AP21,3,OAK,425950,3741450,11,-117.80007884799603,33.81065672706404
Coyote,3446,lbca,JU21,8,OAK,425950,3741450,11,-117.80007884799603,33.81065672706404
Coyote,3448,lbca,AP21,7,PWETZ01,427476,3739520,11,-117.78343380585201,33.793357122951015
Coyote,3448,lbca,JU21,11,PWETZ01,427476,3739520,11,-117.78343380585201,33.793357122951015
Coyote,3449,lbca,AP21,45,PWETZ02,428072,3738980,11,-117.77695209834594,33.788527901882254
Coyote,3449,lbca,JU21,62,PWETZ02,428072,3738980,11,-117.77695209834594,33.788527901882254
Coyote,3452,lbca,AP21,11,IRC01,431386,3736978,11,-117.74100210763476,33.77069310192292
Coyote,3454,lbca,AP21,6,IRC02,432833,3736665,11,-117.72535244207181,33.76796313242066
Coyote,3454,lbca,JU21,8,IRC02,432833,3736665,11,-117.72535244207181,33.76796313242066
Coyote,3455,lbca,AP21,3,IRC03,434888,3735863,11,-117.70310242313036,33.76085865201455
Coyote,3455,lbca,JU21,1,IRC03,434888,3735863,11,-117.70310242313036,33.76085865201455
Coyote,3456,lbca,AP21,12,IRC04,436741,3734905,11,-117.68302581073523,33.75233115011393
Coyote,3456,lbca,JU21,3,IRC04,436741,3734905,11,-117.68302581073523,33.75233115011393
Coyote,3457,lbca,AP21,2,IRC05,438127,3734171,11,-117.66801033275597,33.745793332380615
Coyote,3458,lbca,JU21,6,IRC06,439517,3732930,11,-117.65291929031022,33.73468139211798
Coyote,3460,lbca,AP21,14,IRC07,440010,3731237,11,-117.64748293726181,33.719440685685356
Coyote,3769,paca,AP21,4,H01-SPS1,392356.0313,3776562.25,11,-118.16731008239871,34.124379334949886
Coyote,3769,paca,JA21,17,H01-SPS1,392356.0313,3776562.25,11,-118.16731008239871,34.124379334949886
Coyote,3769,paca,OC20,37,H01-SPS1,392356.0313,3776562.25,11,-118.16731008239871,34.124379334949886
Coyote,3806,paca,JA21,1,H01-OXY1,388478,3776890,11,-118.20939813219789,34.126927657671985
Coyote,4262,paca,AP21,4,H01-DEB1,389346.0625,3773540.75,11,-118.19955983106364,34.09682057580613
Coyote,4262,paca,JA21,6,H01-DEB1,389346.0625,3773540.75,11,-118.19955983106364,34.09682057580613
Coyote,4262,paca,JU21,8,H01-DEB1,389346.0625,3773540.75,11,-118.19955983106364,34.09682057580613
Rabbit,3025,paca,JU21,1,H01-WWD1,384098,3786890,11,-118.2582246305454,34.21661561280118
Rabbit,3025,paca,OC20,1,H01-WWD1,384098,3786890,11,-118.2582246305454,34.21661561280118
Rabbit,3400,paca,JU21,1,H01-SPS1,392353,3776560,11,-118.16734266948977,34.124358734572354
Rabbit,3404,paca,AP21,44,H01-WAV1,379266,3789880,11,-118.31108646234127,34.24302479928483
Rabbit,3404,paca,JA21,1,H01-WAV1,379266,3789880,11,-118.31108646234127,34.24302479928483
Rabbit,3405,paca,AP21,4,H01-HNP1,391801,3784210,11,-118.17428217013232,34.19328012284418
Rabbit,3405,paca,JU21,7,H01-HNP1,391801,3784210,11,-118.17428217013232,34.19328012284418
Rabbit,3806,paca,AP21,4,H01-OXY1,388478,3776890,11,-118.20939813219789,34.126927657671985
Rabbit,3806,paca,JA21,1,H01-OXY1,388478,3776890,11,-118.20939813219789,34.126927657671985
Rabbit,3806,paca,JU21,1,H01-OXY1,388478,3776890,11,-118.20939813219789,34.126927657671985
Domestic cat,2315,paca,JU21,1,H01-HFR1,382075,3787650,11,-118.28028507983585,34.22324078580839
Domestic cat,3406,lbca,AP21,68,ED01,408578,3740950,11,-117.98770203485853,33.804787626724554
Domestic cat,3406,lbca,JU21,6,ED01,408578,3740950,11,-117.98770203485853,33.804787626724554
Domestic cat,3418,lbca,AP21,65,ED05,413984,3741180,11,-117.92932622641054,33.807315562752066
Domestic cat,3418,lbca,JU21,92,ED05,413984,3741180,11,-117.92932622641054,33.807315562752066
Domestic cat,3419,lbca,AP21,80,ED06,419944,3741770,11,-117.86499394691326,33.813104579469865
Domestic cat,3445,lbca,AP21,2,CalT02,418447,3740914,11,-117.88108802642428,33.8052705724534
Domestic cat,3445,lbca,JU21,3,CalT02,418447,3740914,11,-117.88108802642428,33.8052705724534
Domestic cat,4262,paca,AP21,1,H01-DEB1,389346.0625,3773540.75,11,-118.19955983106364,34.09682057580613
Domestic cat,4408,lbca,AP21,16,CalT03,416357,3740650,11,-117.90364066179934,33.80272646064966
Domestic cat,4408,lbca,JU21,5,CalT03,416357,3740650,11,-117.90364066179934,33.80272646064966
Domestic dog,2315,paca,JU21,1,H01-HFR1,382075,3787650,11,-118.28028507983585,34.22324078580839
Domestic dog,3025,paca,AP21,119,H01-WWD1,384098,3786890,11,-118.2582246305454,34.21661561280118
Domestic dog,3025,paca,JA21,171,H01-WWD1,384098,3786890,11,-118.2582246305454,34.21661561280118
Domestic dog,3025,paca,JU21,65,H01-WWD1,384098,3786890,11,-118.2582246305454,34.21661561280118
Domestic dog,3025,paca,OC20,103,H01-WWD1,384098,3786890,11,-118.2582246305454,34.21661561280118
Domestic dog,3400,paca,JU21,4,H01-SPS1,392353,3776560,11,-118.16734266948977,34.124358734572354
Domestic dog,3405,paca,JA21,3,H01-HNP1,391801,3784210,11,-118.17428217013232,34.19328012284418
Domestic dog,3405,paca,JU21,1,H01-HNP1,391801,3784210,11,-118.17428217013232,34.19328012284418
Domestic dog,3447,lbca,AP21,6,ELMOD,426611,3740120,11,-117.79282699635733,33.79870845016335
Domestic dog,3447,lbca,OC20,1,ELMOD,426611,3740120,11,-117.79282699635733,33.79870845016335
Domestic dog,3449,lbca,AP21,1,PWETZ02,428072,3738980,11,-117.77695209834594,33.788527901882254
Domestic dog,3769,paca,AP21,4,H01-SPS1,392356.0313,3776562.25,11,-118.16731008239871,34.124379334949886
Domestic dog,3769,paca,JA21,2,H01-SPS1,392356.0313,3776562.25,11,-118.16731008239871,34.124379334949886
Domestic dog,3806,paca,AP21,1,H01-OXY1,388478,3776890,11,-118.20939813219789,34.126927657671985
Domestic dog,3806,paca,JA21,1,H01-OXY1,388478,3776890,11,-118.20939813219789,34.126927657671985
Fox squirrel,2315,paca,JU21,1,H01-HFR1,382075,3787650,11,-118.28028507983585,34.22324078580839
Fox squirrel,3025,paca,AP21,2,H01-WWD1,384098,3786890,11,-118.2582246305454,34.21661561280118
Fox squirrel,3025,paca,OC20,1,H01-WWD1,384098,3786890,11,-118.2582246305454,34.21661561280118
Fox squirrel,3026,paca,AP21,2,H01-TMC1,391122,3782270,11,-118.18140606023435,34.17571692711669
Fox squirrel,3026,paca,JU21,5,H01-TMC1,391122,3782270,11,-118.18140606023435,34.17571692711669
Fox squirrel,3305,paca,AP21,4,H01-OCC1,386215,3785190,11,-118.23502371495428,34.201521140726356
Fox squirrel,3305,paca,JA21,10,H01-OCC1,386215,3785190,11,-118.23502371495428,34.201521140726356
Fox squirrel,3400,paca,JU21,1,H01-SPS1,392353,3776560,11,-118.16734266948977,34.124358734572354
Fox squirrel,3442,paca,AP21,4,H01-BEA2,385867,3783740,11,-118.23860893352783,34.18840910560693
Fox squirrel,3446,lbca,AP21,1,OAK,425950,3741450,11,-117.80007884799603,33.81065672706404
Fox squirrel,3447,lbca,AP21,2,ELMOD,426611,3740120,11,-117.79282699635733,33.79870845016335
Fox squirrel,3769,paca,JA21,9,H01-SPS1,392356.0313,3776562.25,11,-118.16731008239871,34.124379334949886
Fox squirrel,3806,paca,AP21,13,H01-OXY1,388478,3776890,11,-118.20939813219789,34.126927657671985
Fox squirrel,3806,paca,JA21,43,H01-OXY1,388478,3776890,11,-118.20939813219789,34.126927657671985
Fox squirrel,3806,paca,JU21,5,H01-OXY1,388478,3776890,11,-118.20939813219789,34.126927657671985
Fox squirrel,4262,paca,AP21,29,H01-DEB1,389346.0625,3773540.75,11,-118.19955983106364,34.09682057580613
Fox squirrel,4262,paca,JA21,58,H01-DEB1,389346.0625,3773540.75,11,-118.19955983106364,34.09682057580613
Gray fox,2315,paca,AP21,1,H01-HFR1,382075,3787650,11,-118.28028507983585,34.22324078580839
Gray fox,2315,paca,JU21,10,H01-HFR1,382075,3787650,11,-118.28028507983585,34.22324078580839
Gray fox,3025,paca,AP21,1,H01-WWD1,384098,3786890,11,-118.2582246305454,34.21661561280118
Gray fox,3025,paca,JA21,1,H01-WWD1,384098,3786890,11,-118.2582246305454,34.21661561280118
Gray fox,3025,paca,JU21,1,H01-WWD1,384098,3786890,11,-118.2582246305454,34.21661561280118
Gray fox,3025,paca,OC20,6,H01-WWD1,384098,3786890,11,-118.2582246305454,34.21661561280118
Gray fox,3454,lbca,AP21,53,IRC02,432833,3736665,11,-117.72535244207181,33.76796313242066
Gray fox,3454,lbca,JU21,19,IRC02,432833,3736665,11,-117.72535244207181,33.76796313242066
Gray fox,3455,lbca,AP21,1,IRC03,434888,3735863,11,-117.70310242313036,33.76085865201455
Gray fox,3455,lbca,JU21,1,IRC03,434888,3735863,11,-117.70310242313036,33.76085865201455
Gray fox,3460,lbca,OC20,31,IRC07,440010,3731237,11,-117.64748293726181,33.719440685685356
Mountain lion,2315,paca,JU21,1,H01-HFR1,382075,3787650,11,-118.28028507983585,34.22324078580839
Deer,2252,paca,AP21,15,H01-CCH1,389887,3781720,11,-118.19473427204494,34.17062801301575
Deer,2252,paca,JA21,3,H01-CCH1,389887,3781720,11,-118.19473427204494,34.17062801301575
Deer,2252,paca,JU21,9,H01-CCH1,389887,3781720,11,-118.19473427204494,34.17062801301575
Deer,2252,paca,OC20,6,H01-CCH1,389887,3781720,11,-118.19473427204494,34.17062801301575
Deer,2315,paca,JU21,9,H01-HFR1,382075,3787650,11,-118.28028507983585,34.22324078580839
Deer,2315,paca,OC20,10,H01-HFR1,382075,3787650,11,-118.28028507983585,34.22324078580839
Deer,3025,paca,JU21,1,H01-WWD1,384098,3786890,11,-118.2582246305454,34.21661561280118
Deer,3025,paca,OC20,5,H01-WWD1,384098,3786890,11,-118.2582246305454,34.21661561280118
Deer,3026,paca,AP21,20,H01-TMC1,391122,3782270,11,-118.18140606023435,34.17571692711669
Deer,3026,paca,JA21,84,H01-TMC1,391122,3782270,11,-118.18140606023435,34.17571692711669
Deer,3026,paca,JU21,27,H01-TMC1,391122,3782270,11,-118.18140606023435,34.17571692711669
Deer,3026,paca,OC20,73,H01-TMC1,391122,3782270,11,-118.18140606023435,34.17571692711669
Deer,3305,paca,AP21,12,H01-OCC1,386215,3785190,11,-118.23502371495428,34.201521140726356
Deer,3329,paca,JU21,2,H01-RHR1,393272,3786940,11,-118.15865713228422,34.21804765416623
Deer,3329,paca,OC20,2,H01-RHR1,393272,3786940,11,-118.15865713228422,34.21804765416623
Deer,3401,paca,JU21,2,H01-FIR2,387970,3781990,11,-118.21556469284234,34.17285827499284
Deer,3442,paca,AP21,5,H01-BEA2,385867,3783740,11,-118.23860893352783,34.18840910560693
Deer,3442,paca,JA21,30,H01-BEA2,385867,3783740,11,-118.23860893352783,34.18840910560693
Deer,3442,paca,OC20,21,H01-BEA2,385867,3783740,11,-118.23860893352783,34.18840910560693
Deer,3446,lbca,JU21,4,OAK,425950,3741450,11,-117.80007884799603,33.81065672706404
Deer,3454,lbca,AP21,1,IRC02,432833,3736665,11,-117.72535244207181,33.76796313242066
Deer,3454,lbca,JU21,2,IRC02,432833,3736665,11,-117.72535244207181,33.76796313242066
Deer,3455,lbca,AP21,2,IRC03,434888,3735863,11,-117.70310242313036,33.76085865201455
Deer,3456,lbca,AP21,1,IRC04,436741,3734905,11,-117.68302581073523,33.75233115011393
Deer,3457,lbca,AP21,1,IRC05,438127,3734171,11,-117.66801033275597,33.745793332380615
Deer,3458,lbca,AP21,1,IRC06,439517,3732930,11,-117.65291929031022,33.73468139211798
Deer,3458,lbca,JU21,9,IRC06,439517,3732930,11,-117.65291929031022,33.73468139211798
Deer,3460,lbca,AP21,1,IRC07,440010,3731237,11,-117.64748293726181,33.719440685685356
Deer,3460,lbca,OC20,4,IRC07,440010,3731237,11,-117.64748293726181,33.719440685685356
Rabbit,3025,paca,AP21,5,H01-WWD1,384098,3786890,11,-118.2582246305454,34.21661561280118
Rabbit,3025,paca,JA21,36,H01-WWD1,384098,3786890,11,-118.2582246305454,34.21661561280118
Rabbit,3025,paca,OC20,12,H01-WWD1,384098,3786890,11,-118.2582246305454,34.21661561280118
Rabbit,3400,paca,JU21,1,H01-SPS1,392353,3776560,11,-118.16734266948977,34.124358734572354
Rabbit,3404,paca,AP21,233,H01-WAV1,379266,3789880,11,-118.31108646234127,34.24302479928483
Rabbit,3404,paca,JA21,19,H01-WAV1,379266,3789880,11,-118.31108646234127,34.24302479928483
Rabbit,3404,paca,OC20,5,H01-WAV1,379266,3789880,11,-118.31108646234127,34.24302479928483
Rabbit,3405,paca,AP21,49,H01-HNP1,391801,3784210,11,-118.17428217013232,34.19328012284418
Rabbit,3405,paca,JA21,9,H01-HNP1,391801,3784210,11,-118.17428217013232,34.19328012284418
Rabbit,3405,paca,JU21,2,H01-HNP1,391801,3784210,11,-118.17428217013232,34.19328012284418
Rabbit,3442,paca,AP21,30,H01-BEA2,385867,3783740,11,-118.23860893352783,34.18840910560693
Rabbit,3442,paca,JA21,1,H01-BEA2,385867,3783740,11,-118.23860893352783,34.18840910560693
Rabbit,3442,paca,JU21,1,H01-BEA2,385867,3783740,11,-118.23860893352783,34.18840910560693
Rabbit,3806,paca,AP21,4,H01-OXY1,388478,3776890,11,-118.20939813219789,34.126927657671985
Rabbit,3806,paca,JA21,16,H01-OXY1,388478,3776890,11,-118.20939813219789,34.126927657671985
Rabbit,3806,paca,JU21,1,H01-OXY1,388478,3776890,11,-118.20939813219789,34.126927657671985
Rabbit,4262,paca,AP21,32,H01-DEB1,389346.0625,3773540.75,11,-118.19955983106364,34.09682057580613
Rabbit,4262,paca,JA21,117,H01-DEB1,389346.0625,3773540.75,11,-118.19955983106364,34.09682057580613
Rabbit,4262,paca,JU21,5,H01-DEB1,389346.0625,3773540.75,11,-118.19955983106364,34.09682057580613
Raccoon,2315,paca,OC20,1,H01-HFR1,382075,3787650,11,-118.28028507983585,34.22324078580839
Raccoon,3305,paca,JA21,2,H01-OCC1,386215,3785190,11,-118.23502371495428,34.201521140726356
Raccoon,3445,lbca,AP21,5,CalT02,418447,3740914,11,-117.88108802642428,33.8052705724534
Raccoon,3806,paca,AP21,1,H01-OXY1,388478,3776890,11,-118.20939813219789,34.126927657671985
Raccoon,3806,paca,JA21,211,H01-OXY1,388478,3776890,11,-118.20939813219789,34.126927657671985
Raccoon,4408,lbca,JU21,8,CalT03,416357,3740650,11,-117.90364066179934,33.80272646064966
Striped Skunk,2315,paca,JU21,1,H01-HFR1,382075,3787650,11,-118.28028507983585,34.22324078580839
Striped Skunk,3025,paca,JA21,1,H01-WWD1,384098,3786890,11,-118.2582246305454,34.21661561280118
Striped Skunk,3026,paca,JA21,6,H01-TMC1,391122,3782270,11,-118.18140606023435,34.17571692711669
Striped Skunk,3406,lbca,AP21,10,ED01,408578,3740950,11,-117.98770203485853,33.804787626724554
Striped Skunk,3419,lbca,AP21,5,ED06,419944,3741770,11,-117.86499394691326,33.813104579469865
Striped Skunk,3442,paca,AP21,1,H01-BEA2,385867,3783740,11,-118.23860893352783,34.18840910560693
Striped Skunk,3446,lbca,AP21,1,OAK,425950,3741450,11,-117.80007884799603,33.81065672706404
Striped Skunk,3454,lbca,AP21,4,IRC02,432833,3736665,11,-117.72535244207181,33.76796313242066
Striped Skunk,3454,lbca,JU21,12,IRC02,432833,3736665,11,-117.72535244207181,33.76796313242066
Striped Skunk,3455,lbca,AP21,2,IRC03,434888,3735863,11,-117.70310242313036,33.76085865201455
Striped Skunk,3460,lbca,JU21,1,IRC07,440010,3731237,11,-117.64748293726181,33.719440685685356
Striped Skunk,3806,paca,AP21,1,H01-OXY1,388478,3776890,11,-118.20939813219789,34.126927657671985
Striped Skunk,3806,paca,JA21,1,H01-OXY1,388478,3776890,11,-118.20939813219789,34.126927657671985
Striped Skunk,4262,paca,AP21,7,H01-DEB1,389346.0625,3773540.75,11,-118.19955983106364,34.09682057580613
Striped Skunk,4262,paca,JA21,3,H01-DEB1,389346.0625,3773540.75,11,-118.19955983106364,34.09682057580613
Striped Skunk,4262,paca,JU21,3,H01-DEB1,389346.0625,3773540.75,11,-118.19955983106364,34.09682057580613
Virginia opossum,3305,paca,JA21,3,H01-OCC1,386215,3785190,11,-118.23502371495428,34.201521140726356
Virginia opossum,3418,lbca,AP21,2,ED05,413984,3741180,11,-117.92932622641054,33.807315562752066
Virginia opossum,3419,lbca,AP21,12,ED06,419944,3741770,11,-117.86499394691326,33.813104579469865
Virginia opossum,3445,lbca,JU21,1,CalT02,418447,3740914,11,-117.88108802642428,33.8052705724534
Virginia opossum,3446,lbca,AP21,1,OAK,425950,3741450,11,-117.80007884799603,33.81065672706404
Virginia opossum,3448,lbca,AP21,1,PWETZ01,427476,3739520,11,-117.78343380585201,33.793357122951015
Virginia opossum,3449,lbca,AP21,1,PWETZ02,428072,3738980,11,-117.77695209834594,33.788527901882254
Virginia opossum,3454,lbca,AP21,5,IRC02,432833,3736665,11,-117.72535244207181,33.76796313242066
Virginia opossum,4408,lbca,AP21,163,CalT03,416357,3740650,11,-117.90364066179934,33.80272646064966
Virginia opossum,4408,lbca,JU21,11,CalT03,416357,3740650,11,-117.90364066179934,33.80272646064966
Western gray squirrel,2315,paca,AP21,10,H01-HFR1,382075,3787650,11,-118.28028507983585,34.22324078580839
Western gray squirrel,2315,paca,JA21,84,H01-HFR1,382075,3787650,11,-118.28028507983585,34.22324078580839
Western gray squirrel,2315,paca,JU21,11,H01-HFR1,382075,3787650,11,-118.28028507983585,34.22324078580839
Western gray squirrel,2315,paca,OC20,53,H01-HFR1,382075,3787650,11,-118.28028507983585,34.22324078580839
Western gray squirrel,3025,paca,AP21,1,H01-WWD1,384098,3786890,11,-118.2582246305454,34.21661561280118
