GEOID,Rank
53033000100,5.5
53033000200,7.5
53033000300,6
53033000401,5.5
53033000402,6.5
53033000500,4
53033000600,7.5
53033000700,7.5
53033000800,5.5
53033000900,5.5
53033001000,7.5
53033001100,8
53033001200,7
53033001300,7
53033001400,7.5
53033001500,6.5
53033001600,7
53033001701,7.5
53033001702,7.5
53033001800,7.5
53033001900,7.5
53033002000,7
53033002100,7.5
53033002200,6
53033002400,6
53033002500,7.5
53033002600,8.5
53033002700,8.5
53033002800,8.5
53033002900,8.5
53033003000,7.5
53033003100,7.5
53033003200,7.5
53033003300,8
53033003400,8
53033003500,8.5
53033003600,8.5
53033003800,7
53033003900,6
53033004000,6
53033004100,7
53033004200,7
53033004301,8.5
53033004302,7.5
53033004400,9
53033004500,9
53033004600,9
53033004700,8
53033004800,9
53033004900,9
53033005000,9
53033005100,9
53033005200,9
53033005301,9
53033005302,9
53033005400,9
53033005600,9
53033005700,8
53033005801,8
53033005802,9
53033005900,8.5
53033006000,9.5
53033006100,9.5
53033006200,9.5
53033006300,7.5
53033006400,9.5
53033006500,9.5
53033006600,9.5
53033006700,9.5
53033006800,9.5
53033006900,9.5
53033007000,9.5
53033007100,10
53033007200,10
53033007300,10
53033007401,9.5
53033007402,10
53033007500,9.5
53033007600,9.5
53033007700,9
53033007800,7
53033007900,9
53033008001,10
53033008002,10
53033008100,10
53033008200,10
53033008300,10
53033008400,10
53033008500,10
53033008600,10
53033008700,10
53033008800,9
53033008900,9.5
53033009000,10
53033009100,10
53033009200,10
53033009300,10
53033009400,10
53033009500,9.5
53033009600,9.5
53033009701,8.5
53033009702,9.5
53033009800,9.5
53033009900,10
53033010001,10
53033010002,10
53033010100,7.5
53033010200,8
53033010300,8
53033010401,10
53033010402,10
53033010500,9.5
53033010600,9.5
53033010701,9.5
53033010702,9.5
53033010800,10
53033010900,10
53033011001,9
53033011002,10
53033011101,9
53033011102,8.5
53033011200,10
53033011300,10
53033011401,9.5
53033011402,9
53033011500,9.5
53033011600,8
53033011700,10
53033011800,9.5
53033011900,9.5
53033012000,7
53033012100,6.5
53033020100,4
53033020200,5.5
53033020300,5.5
53033020401,5.5
53033020402,7
53033020500,6.5
53033020600,6
53033020700,5.5
53033020800,5.5
53033020900,6
53033021000,6.5
53033021100,7.5
53033021300,7
53033021400,7.5
53033021500,5.5
53033021600,5.5
53033021700,7
53033021802,8
53033021803,6.5
53033021804,7.5
53033021903,6.5
53033021904,5.5
53033021905,7
53033021906,6.5
53033022001,7.5
53033022003,6
53033022005,6
53033022006,7.5
53033022101,6
53033022102,7.5
53033022201,5
53033022202,6
53033022203,6
53033022300,5.5
53033022400,8
53033022500,8
53033022603,7
53033022604,8
53033022605,7.5
53033022606,7.5
53033022701,7
53033022702,7.5
53033022703,7
53033022801,7
53033022802,7
53033022803,6.5
53033022901,6.5
53033022902,6
53033023000,5.5
53033023100,5
53033023201,6
53033023202,5
53033023300,6.5
53033023401,7
53033023403,5
53033023404,4
53033023500,7.5
53033023601,7.5
53033023603,6
53033023604,7
53033023700,7.5
53033023801,8.5
53033023803,6.5
53033023804,7
53033023900,8.5
53033024000,8.5
53033024100,7.5
53033024200,7
53033024300,8
53033024400,7
53033024500,7.5
53033024601,7.5
53033024602,7.5
53033024701,8
53033024702,7.5
53033024800,8
53033024901,6
53033024902,5.5
53033024903,4.5
53033025001,7.5
53033025003,4
53033025005,5.5
53033025006,4.5
53033025101,5.5
53033025102,6
53033025200,8.5
53033025301,8.5
53033025302,9.5
53033025400,9
53033025500,7
53033025601,9
53033025602,7
53033025701,9
53033025702,8.5
53033025803,8.5
53033025804,9
53033025805,9.5
53033025806,9.5
53033026001,9.5
53033026002,9.5
53033026100,10
53033026200,10
53033026300,10
53033026400,10
53033026500,9
53033026600,7
53033026700,7.5
53033026801,9
53033026802,9
53033027000,9
53033027100,10
53033027200,10
53033027300,10
53033027400,9
53033027500,8
53033027600,7.5
53033027701,3
53033027702,3.5
53033027800,6.5
53033027900,7
53033028000,7.5
53033028100,10
53033028200,10
53033028300,10
53033028402,9.5
53033028403,9.5
53033028500,7
53033028600,8
53033028700,7.5
53033028801,9
53033028802,9
53033028901,8.5
53033028902,9
53033029001,7.5
53033029003,8.5
53033029004,8.5
53033029101,9
53033029102,9
53033029203,9
53033029204,9.5
53033029205,9.5
53033029206,10
53033029303,9
53033029304,7.5
53033029305,9
53033029306,8.5
53033029307,5
53033029403,9
53033029405,6.5
53033029406,6
53033029407,8
53033029408,7
53033029502,5
53033029503,7.5
53033029504,6
53033029601,5
53033029602,6
53033029700,9.5
53033029801,9
53033029802,9.5
53033029901,9
53033029902,8.5
53033030003,8
53033030004,6.5
53033030005,7
53033030006,7.5
53033030100,7
53033030201,6.5
53033030202,7
53033030304,8.5
53033030305,4
53033030306,6.5
53033030308,7
53033030309,6.5
53033030310,8
53033030311,6
53033030312,6.5
53033030313,7
53033030314,7
53033030401,9.5
53033030403,7.5
53033030404,9
53033030501,8.5
53033030503,7.5
53033030504,8
53033030600,9
53033030700,8.5
53033030801,9
53033030802,7
53033030901,8.5
53033030902,8.5
53033031000,6.5
53033031100,7.5
53033031202,3.5
53033031204,5
53033031205,6
53033031206,6
53033031301,3.5
53033031302,3
53033031400,3.5
53033031501,3
53033031502,3
53033031601,4
53033031603,4
53033031604,3
53033031605,3.5
53033031703,4.5
53033031704,5
53033031705,4.5
53033031706,4.5
53033031800,5.5
53033031903,6
53033031904,3.5
53033031906,4.5
53033031907,5.5
53033031908,5.5
53033031909,4.5
53033032002,4.5
53033032003,5.5
53033032005,4.5
53033032006,3.5
53033032007,4.5
53033032008,3.5
53033032010,3.5
53033032011,3.5
53033032102,4.5
53033032103,4.5
53033032104,4.5
53033032203,3
53033032207,3
53033032208,4.5
53033032210,4.5
53033032211,2.5
53033032212,3.5
53033032213,2
53033032214,2.5
53033032215,2
53033032307,2.5
53033032309,7.5
53033032311,1.5
53033032313,6.5
53033032315,1.5
53033032316,4.5
53033032317,2.5
53033032318,2.5
53033032319,7
53033032320,6
53033032321,6
53033032322,2.5
53033032323,5.5
53033032324,6
53033032325,5.5
53033032326,3.5
53033032327,3
53033032328,3
53033032329,2.5
53033032401,1.5
53033032402,1.5
53033032500,2
53033032601,2.5
53033032602,3
53033032702,2.5
53033032703,3
53033032704,2
53033032800,3
53033990100,3
53053060200,10
53053060300,5
53053060400,5.5
53053060500,6
53053060600,9
53053060700,7.5
53053060800,7.5
53053060903,4
53053060904,5
53053060905,5.5
53053060906,6.5
53053061001,5.5
53053061002,6.5
53053061100,7.5
53053061200,8.5
53053061300,10
53053061400,10
53053061500,9.5
53053061601,9.5
53053061602,9.5
53053061700,10
53053061800,9.5
53053061900,10
53053062000,10
53053062300,10
53053062400,9
53053062500,9.5
53053062600,9
53053062801,8
53053062802,8.5
53053062900,9
53053063000,8.5
53053063100,9
53053063200,8.5
53053063300,8
53053063400,8
53053063501,8.5
53053063502,7.5
53053070100,2
53053070203,3.5
53053070204,2.5
53053070205,3
53053070206,2.5
53053070207,3.5
53053070307,2.5
53053070308,4.5
53053070309,4
53053070310,3.5
53053070311,3
53053070312,4.5
53053070313,6
53053070314,6
53053070315,5.5
53053070316,6.5
53053070401,6
53053070403,3.5
53053070404,3.5
53053070703,8.5
53053071100,6.5
53053071205,7
53053071206,6
53053071207,7
53053071208,6
53053071209,5.5
53053071210,6.5
53053071304,6
53053071305,6.5
53053071306,5.5
53053071307,6
53053071309,5.5
53053071310,5
53053071403,4
53053071406,4.5
53053071407,4.5
53053071408,4
53053071409,4.5
53053071410,3.5
53053071411,3.5
53053071503,7
53053071504,8
53053071505,5.5
53053071506,4.5
53053071601,7
53053071602,6.5
53053071703,7
53053071704,7.5
53053071705,7.5
53053071706,7
53053071707,8
53053071803,7.5
53053071805,8
53053071806,7
53053071807,8
53053071808,7.5
53053071901,8.5
53053071902,7.5
53053072000,6.5
53053072105,6
53053072106,6.5
53053072107,6.5
53053072108,7
53053072109,4.5
53053072111,4.5
53053072112,5
53053072305,8
53053072307,5.5
53053072308,6
53053072309,5.5
53053072310,5.5
53053072311,5.5
53053072312,6.5
53053072313,7
53053072405,1.5
53053072406,3
53053072407,3.5
53053072408,4
53053072409,2.5
53053072410,3.5
53053072503,2.5
53053072504,4
53053072505,3
53053072506,3.5
53053072507,4
53053072601,1.5
53053072602,1.5
53053072603,2
53053072800,4
53053072901,6.5
53053072903,5
53053072905,5
53053072906,5
53053072907,5
53053073001,1.5
53053073005,1.5
53053073006,2
53053073108,5.5
53053073110,4.5
53053073111,5.5
53053073113,4
53053073114,3
53053073115,3
53053073116,3
53053073117,1.5
53053073118,2.5
53053073119,1.5
53053073120,5
53053073121,5
53053073122,5
53053073123,5
53053073124,4
53053073125,5
53053073126,4.5
53053073200,1
53053073301,8.5
53053073302,8
53053073404,9
53053073405,8
53053073406,8
53053073407,8
53053073408,7.5
53053073500,8.5
53053940001,6.5
53053940002,9.5
53053940003,9
53053940004,9.5
53053940005,9
53053940006,9
53053940007,10
53053940008,7.5
53053940009,8.5
53053940010,8.5
53053940011,7.5
06037204920,9.48
06037542402,9.33
06037543202,8.95
06037203300,9.09
06037291220,10
06037433501,8.88
06037243100,7.8
06037227010,8.57
06037226001,9.25
06037433101,9.12
06037239202,8.21
06037206050,9.32
06037205120,9.1
06037226002,9.33
06037536104,9.66
06037104703,8.64
06037240500,7.74
06037535400,8
06037291210,9.55
06037570403,8.24
06037532302,9.46
06037542200,8.4
06037534202,8.18
06037531302,8.97
06037242600,7.49
06037242700,7.74
06037206032,9.1
06037542401,7.97
06037203500,9.01
06037239201,7.96
06037219902,8.66
06037534201,9.55
06037540700,7.87
06037540901,7.97
06037533806,8.84
06037534102,8.44
06037127400,8.36
06037570301,8.03
06037534301,8.53
06037294701,8.44
06037239330,7.94
06037570402,8.53
06037239702,7.37
06037540400,8.13
06037296210,7.77
06037534302,8.23
06037120020,7.52
06037434004,8.81
06037205110,8.25
06037122410,7.54
06037532304,9.44
06037208000,9.24
06037575401,7.48
06037572301,8.59
06037239310,7.33
06037228900,7.48
06037219901,8.01
06037570502,8.53
06037570203,8.23
06037533002,7.77
06037228100,8.02
06037532603,7.68
06037117408,7.45
06037204700,8.62
06037302401,8.51
06037602900,8.92
06037433504,8.15
06037121222,8.45
06037185320,8.56
06037540000,8.25
06037120010,7.75
06037404703,9.3
06037240200,7.31
06037241120,7.19
06037242100,7.53
06037570202,8.96
06037121900,8.06
06037241002,7.82
06037204600,8.87
06037204820,8.77
06037601502,8.13
06037531301,8.28
06037122420,7.67
06037242200,7.01
06037239501,7.33
06037533001,7.26
06037292000,9.17
06037575801,7.3
06037433801,8.72
06037199000,9.39
06037532900,7.08
06037433102,8.46
06037534203,8.41
06037302302,8.4
06037432700,9.05
06037291110,7.88
06037239701,6.82
06037536103,8.61
06037240010,7.09
06037402402,8.77
06037536000,8.76
06037206200,8.42
06037532500,8.6
06037542502,7.32
06037301601,9.19
06037541603,7.87
06037203100,8.44
06037602801,6.96
06037204810,8.01
06037541604,7.64
06037543000,8.13
06037228800,7.67
06037542106,7.4
06037241202,7.22
06037575802,6.7
06037532800,7.52
06037127210,7.49
06037541605,7.36
06037123303,7.69
06037229100,7.31
06095250701,7.41
06037540203,7.31
06001407300,7.61
06037601401,7.89
06037127220,7.05
06037204910,8.32
06037530500,7.81
06037229420,7.44
06037241001,7.1
06037402801,7.86
06037294830,7.37
06037575402,6.59
06037208302,8.59
06037542601,7.43
06037553802,8.37
06037227020,6.96
06037433200,9.02
06037237202,7.04
06037128303,7.03
06037601600,8.25
06037533703,8.24
06037530700,8.99
06037432802,8.58
06037128302,7.73
06037240600,6.65
06037186401,8.59
06037127711,8.16
06037535101,6.97
06037532700,7.86
06037433700,9.67
06037243000,7.04
06037534405,7.61
06037199700,9.21
06059087405,8.02
06037232120,6.84
06037536102,9.57
06037570501,7.68
06037535300,7.69
06037540502,7.68
06037206010,9.16
06037291130,8.48
06037199900,8.86
06037541700,7.82
06037534101,9.03
06037104401,7.97
06037242300,6.56
06001409000,7.46
06037109500,7.9
06037127104,7.05
06037232800,7.8
06037434003,7.85
06037535001,6.84
06037572900,7.81
06037530601,8.13
06037533603,7.54
06037239602,6.91
06037533902,7.77
06037535603,7.63
06059086702,7.89
06037404802,7.89
06037224010,7.54
06037434001,7.85
06037573201,7.25
06037553701,8.53
06037121020,7.58
06037294120,7.51
06037241400,6.93
06037408800,7.33
06037232700,7.21
06037224200,7.12
06037502301,9.31
06037408301,8.86
06037187102,9.25
06037533403,7.98
06037543100,8.91
06037239601,7.1
06037297110,7.26
06037228720,6.81
06037226420,7.02
06037540600,7.57
06037532001,7.9
06037199201,7.75
06037221401,7.15
06037535604,7.57
06037195802,8.29
06037122122,8.44
06037535102,6.76
06037204420,7.08
06037535200,6.5
06037218400,8.36
06037433901,7.66
06037242000,6.53
06037294900,7.47
06037535002,6.81
06037432801,8.9
06037532303,9.08
06037240900,6.53
06059086502,8.35
06037570204,7.57
06037541606,7.16
06001408800,6.78
06037531101,7.63
06037220100,7.72
06037531702,6.99
06037237102,7.24
06037231100,7.51
06037302505,7.91
06037535606,7.72
06013365002,7.13
06037533901,8.37
06059110500,8.63
06037207103,8.2
06037224600,7.11
06037532002,7.25
06037127102,6.78
06037531504,6.85
06037226410,6.67
06037570404,7.51
06037553801,7.46
06037534502,7.34
06037407002,8.94
06037531000,8.31
06037540501,8.52
06037542602,7.32
06037240020,6.32
06037229300,6.45
06037404402,8.26
06037572800,7.22
06037229410,7.4
06037553702,8
06037231720,6.86
06037533602,7.46
06037228210,6.39
06037239802,7.03
06037541100,8.07
06037207102,8.09
06037228410,6.89
06037120107,6.25
06037226700,6.75
06037120300,7.44
06037206300,7.71
06037123304,8.27
06037191500,7.3
06037402702,6.97
06037575300,6.36
06037402600,7.48
06037186403,8.37
06037408501,8.68
06037122000,8.45
06037534406,7.59
06037209102,6.96
06037121802,7.24
06037240300,6.79
06037572500,6.7
06037543201,7.12
06037191810,7.65
06037119001,8.19
06037124204,6.99
06037541200,8.2
06037600502,8.14
06037541500,7.21
06037402804,6.85
06037535901,7.24
06037228420,6.19
06037104822,8.23
06037104403,7.31
06037433401,7.76
06037294820,6.61
06037553601,8.5
06037240402,6.95
06037122200,8.71
06037104701,6.81
06037503000,8.26
06037123020,7.33
06037603302,7.74
06037540902,7.35
06037104810,8.21
06037124103,6.76
06037191620,6.7
06037502200,7.78
06037402101,7.2
06037127520,7.72
06037241201,6.43
06037239320,6.58
06037104404,7.09
06037296500,7.46
06037571701,7.36
06059011601,8.06
06037123206,7.7
06037573202,6.8
06037530801,7.52
06037530101,7.18
06037208402,8.14
06037291120,7.74
06037190801,7.36
06037602002,8.28
06037232500,7.01
06037601501,7.46
06037203600,7.48
06037132102,7.55
06037602509,8.52
06037120030,7.48
06037531602,6.9
06037301702,9.16
06037123301,7.57
06037122121,7.48
06037237101,6.26
06037532604,6.88
06037219300,6.8
06037228310,6.69
06037240700,6.43
06037238320,6.9
06037533300,7.3
06037534900,7.14
06037199800,8.32
06037104320,7.76
06037131020,7
06037433503,8.05
06037536200,8.36
06037531102,7.75
06037219800,7.8
06037218500,7.62
06037402304,6.78
06037209300,7.31
06037601302,7.31
06037603001,7.47
06037533103,7.15
06037240800,6.56
06037402303,7.44
06001409100,6.51
06037543801,8.53
06095250900,6.14
06037192620,6.92
06037231710,6.01
06037533401,7.81
06037433302,8.46
06037228500,6.25
06037238310,6.38
06001406100,7.26
06037104310,8.25
06037572600,7.83
06037570100,7.36
06037120103,5.86
06059087403,7.12
06037204300,6.87
06037575803,6.39
06037123103,7.37
06037530602,8.1
06037106604,7.77
06037541400,6.62
06037601700,7.01
06037117520,6.34
06037544001,8
06037123205,7.39
06013312000,6.44
06037185310,7.42
06037502902,8.32
06037195710,7.94
06037602103,6.91
06037209103,7.33
06037500402,7.05
06037185203,7.23
06037535501,7.19
06037543905,6.84
06037407200,7.65
06037543305,9.01
06037531503,7.62
06037301602,9.24
06037543400,9.46
06037186301,7.73
06037207302,8.61
06037218900,7.19
06037234901,6.2
06037552400,7.9
06013376000,6.6
06037404701,8.44
06037540300,8.41
06037294421,7.52
06001402200,7.15
06037533702,6.91
06037127920,6.65
06037533805,7.18
06037204410,7.49
06037209104,6.76
06037532606,6.23
06037240401,6.47
06037231600,6.48
06037535607,7.39
06037239502,6.72
06037541300,6.59
06013382000,6.91
06037433402,7.12
06037533601,7.32
06037119002,8.22
06037218702,6.71
06037224020,7.83
06037600303,5.73
06013379000,6.59
06037533105,5.94
06013305000,6.29
06037542104,6.91
06085512603,6.74
06037229200,6.38
06037502302,8.29
06037237600,6.48
06037231900,7.29
06037120106,6.39
06037600100,5.85
06037228710,6.09
06037234902,6.21
06037134522,6.54
06059074406,7.67
06037209820,6.92
06037120104,6.32
06037209520,6.93
06037104500,6.94
06037502700,9.16
06037121010,7.63
06059001304,7.96
06059001404,7.8
06037228600,6.15
06037541002,9.1
06059110603,8.13
06037123203,7.58
06075023200,7.11
06037533501,7.07
06037208720,5.99
06037408202,9.49
06037533201,6.79
06037602104,7.22
06037433802,9.34
06037219700,7.35
06037542900,6.63
06037120108,6
06037542105,6.17
06037195720,7.45
06013377000,6.16
06037534001,7.58
06037543903,8.05
06037433307,7.72
06037407601,6.45
06059087803,7.92
06037601402,7.78
06037209402,6.41
06037405102,7.12
06037408401,9.21
06037127604,6.65
06037310501,8.56
06037404702,8.47
06037534804,6.81
06037296220,7.09
06037541001,8.23
06037573002,6.63
06037238200,6.61
06037199400,7.51
06059086802,7.71
06037432300,8.22
06037532605,6.48
06037190901,7.37
06037310703,9.02
06037550300,8.95
06037190802,7.53
06059074405,7.61
06037543501,8.29
06037212304,6.79
06001409500,5.81
06037576302,5.65
06037208802,5.98
06037232200,5.93
06037128210,6.35
06037241300,6.59
06037197700,8.45
06037402405,7.11
06037123010,7.46
06037127803,6.27
06001403000,6.3
06037228320,5.94
06037602004,5.96
06037540102,7.6
06037502500,8.34
06037115302,6.41
06037241110,6.29
06037291300,9.88
06037294302,7.04
06037201700,7.88
06037124201,7.08
06037302504,6.29
06037134520,6.64
06037602802,7.32
06037294620,7.76
06037121600,8.13
06001410500,6.52
06037402902,6.93
06037232110,5.69
06037134710,6.17
06037408140,7.16
06037294810,6.24
06037502601,8.38
06037293202,6.8
06037531502,6.92
06037120400,6.71
06037228220,5.95
06037541802,7.89
06037127910,6.32
06095251802,5.83
06037535702,6.6
06037117530,6.53
06037121101,7.36
06037600902,6.12
06037533402,6.73
06037218800,7.32
06037405201,7.36
06037530004,7.69
06037231800,7.04
06037132700,7.29
06037208903,6.21
06037573300,6.26
06037192610,7.15
06037127103,7.32
06037542000,6.08
06037553504,7.17
06037555211,7.1
06037433305,7.34
06001408900,6.01
06037603102,7.78
06037201402,7.78
06037209403,6.63
06037532200,8.32
06037602700,8.33
06037542501,5.86
06037602600,8
06037208610,7.29
06037209401,6.24
06037432500,7.81
06037127300,7.77
06037531902,6.49
06037207301,8.75
06037134521,6.41
06037120105,6.58
06037117407,6.57
06059099601,7.65
06037402403,9.17
06037302503,6.46
06037534404,7.2
06037128400,8.68
06059075002,6.75
06037208902,6.59
06037554302,6.83
06037294110,7.06
06037433306,7.78
06037236100,5.98
06037207400,9.72
06037433602,7.95
06037210010,7.37
06037133100,7.67
06037575901,6.58
06037191610,6.86
06037530902,6.74
06037117405,6.42
06037237201,5.81
06059086601,7.56
06037533701,8.04
06037191720,6.48
06037531901,6.64
06037530203,7.35
06059089003,6.73
06037320201,6.1
06037209810,6.51
06037237401,5.58
06037500600,7.56
06037402406,6.33
06037540800,7.7
06037124104,6.14
06037551102,8.48
06037127606,6.65
06037531202,6.41
06037502100,7.72
06037208502,6.91
06037541801,6.62
06037404801,7.4
06037433403,7.98
06037533803,6.7
06037900300,6.29
06037239801,6.21
06037540101,7.26
06037600304,5.52
06037238100,6.26
06037310601,8.54
06037302506,6.72
06037132001,7.01
06059074300,7.58
06037302301,8.49
06037530400,7.42
06037576200,6.29
06037572302,7.08
06037602105,6.5
06037543502,8.05
06037572400,7.36
06037407001,8.71
06037221601,6.44
06037231210,5.6
06037570303,6.31
06037554403,6.67
06037900602,5.77
06037532101,6.78
06037237710,6.12
06037123204,6.98
06037533202,6.58
06037572700,7.21
06037403000,6.83
06037542700,6.26
06037302202,6.81
06037190520,6.42
06037123410,7.45
06001402500,6.35
06037402501,6.77
06037531201,7.55
06059099802,6.88
06037232400,5.97
06037900701,5.71
06059088101,7.85
06037534803,6
06075017902,7.12
06013366002,6.44
06037104704,7.29
06037235202,6.01
06075023103,6.69
06037209200,7.65
06037104821,7.68
06037127603,6.12
06037221402,7.32
06037297120,6.6
06001409400,5.78
06037224320,6.98
06037236202,5.98
06037910101,5.63
06037535605,6.21
06037405001,7.14
06037603005,6.88
06037104610,6.7
06037237500,5.4
06037542800,6.45
06037502402,7.18
06001406000,6.72
06059011602,9.26
06037207502,8.5
06059087901,7.18
06037405202,7.27
06037552602,6.39
06037221500,6.22
06037131800,6.57
06037432601,7.25
06059074502,7.22
06037530802,8.16
06037134720,6.38
06037231220,5.63
06037115403,7.12
06037128601,6.48
06037296600,6.63
06037218210,6.87
06059086404,7.81
06037404301,6.48
06037106520,7.18
06037119340,5.73
06059074901,6.37
06059011720,8.54
06037402904,7.2
06059087102,7.41
06037134001,6.28
06037980010,8.85
06037553602,7.77
06037191120,7.32
06059086407,7.57
06013381000,6.16
06037482402,8.8
06037433601,8.07
06037139504,7.09
06037221110,6.12
06037127605,6.1
06037203200,6.79
06037237300,5.91
06037121221,7.93
06037530301,5.88
06037570304,6.75
06037530302,6.47
06037301701,8.77
06037237720,6.11
06037408139,7.24
06001432501,6.9
06037602003,6.14
06037533107,5.83
06037533203,6.26
06037132300,6.78
06037402102,7.43
06037554105,5.91
06013358000,6.94
06037602508,6.89
06037191410,6.5
06075023001,6.64
06037530102,6.88
06037540202,6.18
06037191203,6.64
06037407701,7.17
06037201501,6.29
06037132900,7.43
06037603900,7.86
06037139302,7.78
06037302104,6.4
06037132002,7.52
06037104620,6.4
06013375000,5.61
06037552200,6.99
06037407102,7.73
06037204200,6.31
06037218120,6.66
06037125320,7.07
06013314104,6.09
06001432400,7.45
06037232300,5.57
06037602301,7.11
06037221810,5.82
06037231500,5.94
06037600912,5.75
06037502401,7.41
06037115404,6.93
06037531604,6.06
06059087504,6.52
06037601900,5.69
06037433304,6.92
06001401600,6.46
06037220000,6.82
06059086501,8.19
06037573100,6.65
06037570603,6.74
06037552301,7.94
06037119342,5.76
06037900804,5.58
06013310000,6.3
06037191301,6.12
06095250801,6.78
06037575202,5.02
06059074003,8.62
06037134903,6.97
06001407200,5.85
06037404803,7.91
06037600602,5.5
06037197500,8.05
06037134305,6.02
06037190201,6.46
06037603500,6.99
06037212203,6.32
06037603301,6.16
06037208301,7.64
06037575902,6.52
06037197420,7.6
06037900806,5.41
06059087300,7.39
06037576301,6.13
06037402903,5.97
06037500700,7.31
06037543802,7.34
06037123420,7.37
06037601100,5.53
06037208801,5.95
06037133000,6.29
06037407702,8.13
06037531603,6.08
06037211202,6.8
06037570602,6.5
06037552100,6.16
06037224420,6.59
06013311000,6.15
06037301801,7.61
06037293201,6.97
06085503601,6.82
06013368001,6.09
06037482301,7.07
06037533503,6.02
06037501803,6.85
06037208620,6.42
06037192700,8.02
06037102105,8.59
06059087404,6.9
06037571703,5.62
06037127804,5.65
06037294510,5.69
06037302002,7.3
06037122120,6.8
06037601002,5.69
06037570601,5.74
06037208904,6.63
06085501600,6.46
06037551900,7.24
06037131010,6.4
06037405203,6.96
06037701801,7.91
06037533804,6.12
06081602100,6.5
06037534802,5.32
06037222200,5.77
06059074801,6.74
06037407602,6.69
06037604100,6.68
06037104201,7.15
06013392200,6.33
06037432602,7.37
06037320300,6.95
06037602200,7.67
06037900201,6
06037501400,6.6
06037294520,6.21
06037213310,6.14
06037232600,6.29
06037503104,6.43
06037311802,9.01
06037534501,6.1
06037601211,6.19
06037550100,8.13
06037551401,7.59
06037501804,6.3
06037603704,6.28
06037121102,8.45
06075023400,6.6
06037201601,6.39
06037530901,6.48
06075023102,5.99
06037900501,5.48
06095252402,6.1
06037195600,7.37
06037119320,5.82
06059075201,6.61
06081610201,6.71
06037603802,6.09
06037224410,6.55
06037432202,8.48
06037553502,7.17
06037119900,6.45
06037208401,7.43
06037404901,7.33
06037277400,7.05
06037535804,5.63
06037542103,5.46
06037603400,7.32
06037211921,6.26
06037301502,7.33
06037432901,8.38
06037600202,5.14
06037553902,6.81
06037553901,6.89
06037119400,6.02
06037530202,7.18
06037199120,7.18
06037404201,6.22
06037502004,7.16
06037131100,7.19
06013314200,5.06
06037534403,5.76
06037432402,8
06059089106,6.14
06037402301,6.46
06037600302,6.03
06037234600,5.98
06037530006,6.2
06037191204,6.63
06037217200,7.45
06037554002,6.19
06001409200,6
06037190510,6.55
06037554301,7
06037602106,5.59
06037234700,6.23
06037433902,8.06
06081602300,7.87
06013309000,6.57
06037238400,6.27
06037127805,6.04
06037192510,5.89
06037211320,6.71
06037125310,7.06
06059087401,7.72
06037124300,6.64
06037221710,6.27
06037128102,5.62
06037404600,9.31
06037213320,6.19
06037603200,8.64
06037211310,6
06001403300,6.33
06037213202,5.94
06037203720,6.11
06037535502,5.58
06037128220,5.84
06059086406,7.41
06037117303,7.76
06037294410,6.69
06075980600,6.05
06037121801,6.12
06037134800,6.43
06037119202,6.97
06037502602,6.82
06037222001,5.67
06037207101,8.11
06037213201,5.99
06001406201,5.34
06037294610,6.7
06037407801,6.84
06037551800,7.71
06037188100,9.32
06037544002,7.96
06037552002,6.14
06059075004,6.54
06001407500,5.17
06037500404,7.06
06037124203,6.55
06037131702,5.83
06037575201,5.05
06037218701,6.79
06059075202,6.81
06037221602,6.56
06001407400,5.84
06037199300,7.3
06037530204,5.74
06037900607,5.25
06037203900,6.44
06037572100,7.14
06037132502,5.81
06037199202,7
06059001201,6.26
06059089004,6.42
06001401800,6.42
06059074602,6.75
06001401400,6.78
06059099904,6.75
06037571704,5.46
06059063605,6.95
06037221304,5.77
06059074108,7.19
06037195804,7.35
06037222600,5.88
06037209510,6.3
06059110606,7.37
06037601212,5.01
06037575101,5.4
06037113233,6.9
06037481500,7.83
06037404903,5.87
06037500403,8.64
06037195803,7.12
06037571600,5.22
06037117201,6.29
06037543503,7.94
06037602505,5.19
06037191302,6.02
06037221302,6.5
06037554404,6.02
06075023300,6
06001401500,6.5
06037218600,7.57
06013368002,6.58
06037406702,6.74
06037201602,6.74
06037602402,5.82
06037219020,5.33
06037550202,6.96
06037224700,6.06
06037406200,7
06037701902,6.65
06059074200,6.69
06037236204,5.24
06037406411,7.09
06037531701,6.02
06037206031,9.18
06037213402,6.17
06037219010,5.44
06037701802,7.72
06037533104,5.67
06059001801,7.29
06037554101,5.89
06037401704,6.46
06037123901,6.83
06037702803,7.45
06037127806,6.61
06037501001,6.31
06059087105,6.55
06059011721,7.12
06013369001,5.41
06037573004,6.44
06059089105,5.87
06059086701,7.76
06059074403,7.7
06037211922,6.61
06037533502,6.03
06037201401,5.74
06037139303,7.27
06001401000,6.68
06001401300,6.28
06037222002,5.01
06013327000,6.75
06037552700,6.4
06037221120,6.16
06037238000,5.38
06037552302,7.49
06037900606,4.94
06037407101,7.3
06037127712,5.92
06001401700,7.36
06037576401,5.16
06085504318,7.15
06059052410,8.12
06037404401,7.56
06037530005,7.97
06037576901,5.09
06059089001,6.08
06037131701,5.62
06037603101,5.99
06037432401,6.85
06037132501,5.47
06037601801,5.69
06037117510,6.28
06037211201,5.8
06037910002,4.96
06037555001,6.46
06037481300,7.46
06037534002,7.4
06037551101,7.71
06059110402,6.83
06037115104,6.25
06037910402,4.69
06037221820,5.55
06037113421,7.2
06037190100,6.88
06037237402,5.36
06037554104,5.6
06037131400,6.05
06001433200,6.59
06037123520,6.24
06037552601,5.94
06037551700,6.55
06037212800,6.44
06037134101,5.5
06037119800,6.66
06037533106,5.54
06037234800,6.15
06037104204,6.6
06037573402,7.33
06037543306,7.97
06059086402,6.9
06037132101,6.9
06037234502,4.95
06037191201,6.18
06037404503,5.8
06037104203,6.03
06013307102,5.09
06013314102,5.72
06037212204,6.32
06085503105,6.1
06037554203,6.13
06037402200,8.08
06037405002,6.76
06037277200,7.49
06075061200,5.77
06037221220,6.21
06059011714,8.02
06037551300,6.96
06037405101,6.6
06037231400,5.4
06037543702,5.99
06037121210,8.31
06037201301,5.7
06037301802,7.62
06037221303,5.61
06037134104,5.32
06013313101,5.15
06037293304,6.33
06037293307,6.66
06059086301,6.97
06095251901,5.36
06037218300,7.77
06037218220,6.08
06037302103,5.53
06037601001,5.96
06059001103,7.17
06037535503,5.18
06037910403,4.71
06037302201,6.24
06081606200,6.92
06085512602,7.17
06037535803,5.37
06037576001,7.12
06037294200,6.55
06059086803,6.93
06037311801,8.88
06001402600,6.19
06037572002,6.76
06037231300,5.73
06037601802,5.55
06037402706,5.51
06001406202,5.37
06037480902,7
06013307202,4.66
06037115202,7.19
06037113401,7.51
06037211122,7.28
06037109100,6.51
06095251000,5.79
06037407802,6.56
06095251200,5.04
06037190401,5.27
06037293302,6.83
06037430101,7.48
06037115401,7.49
06037302004,6.4
06095253500,6.3
06095251902,4.76
06037572201,7.59
06037481001,7.1
06037301900,6.87
06001402800,6.04
06037481603,6.78
06037212900,6.64
06037186404,6.89
06037404501,6.85
06095252502,5.11
06037910501,4.34
06085503112,6.35
06037408211,8.79
06001428700,6.46
06059088902,5.55
06037106407,5.14
06085512604,5.6
06037310702,8.41
06037530003,8.48
06037128101,5.82
06059011403,7.93
06037186302,7
06037119201,5.75
06037320202,6.08
06085503110,5.21
06095251500,4.55
06037197300,6.89
06059001202,6.5
06059074805,5.75
06013336201,5.98
06037503103,6.19
06037573003,6.85
06001405902,5.04
06081612000,6.23
06037218110,6.62
06037191000,6.95
06037236203,5.96
06037310701,7.8
06037117404,7.36
06075012502,5.22
06059075100,6.76
06037125501,7.21
06037601303,5.42
06037134303,6.53
06037134304,6.11
06013306003,5.41
06059074109,6.62
06059087106,6.02
06059075514,5.9
06037405302,6.7
06037406901,7.25
06037211804,5.84
06081604101,6.29
06059088802,5.81
06037600400,5.31
06037900703,5.1
06037603801,5.96
06037123800,6.44
06037224310,6.49
06037550800,8
06037221900,5.88
06037294301,6.89
06037502801,7.43
06037535701,6.73
06037219500,5.81
06059076204,8.05
06037553100,6.64
06037407501,6.14
06001400900,5.92
06037407302,6.33
06037183810,5.45
06037554001,5.82
06037408631,8.01
06037212701,6.09
06037211120,6.41
06037552900,6
06037502802,7.67
06075061000,7.29
06013366001,5
06037189201,5.52
06037213401,5.84
06037540201,5.72
06037119341,5.89
06059087200,7.56
06037402502,5.32
06037106648,6.63
06037237900,5.12
06085503712,4.75
06059074802,7.06
06037134103,5.48
06037222100,5.2
06085503602,5.16
06059074106,7.19
06037124102,6.61
06075017802,6.48
06037123510,6.63
06081610202,6.09
06013315000,6.97
06037575102,5.3
06037502005,5.65
06059074005,6.53
06075025702,5.8
06037910502,4.42
06037197200,8.66
06075023003,5.65
06013308001,4.99
06037552001,6.29
06059001401,6.02
06059087902,7.06
06037117101,5.85
06037555212,5.62
06037408302,8.32
06013314103,5.34
06059099801,7.09
06037481604,6.26
06013373000,5.91
06095251600,4.96
06037104105,5.53
06059099702,6.5
06059086602,6.62
06037320100,5.75
06059001802,6.92
06085503214,5.02
06037431200,7.58
06081602200,6.56
06081610500,5.81
06037553400,6.29
06037192520,6.31
06037190700,7.07
06013380000,6.26
06037500300,7.91
06037432201,7.54
06037408138,6.5
06085501502,6.07
06059088602,6.24
06001423200,6.14
06059088402,5.85
06037212303,6.64
06037550700,8.64
06037482522,8.17
06081611900,6.6
06037221210,5.77
06037113321,5.77
06037187200,9.18
06037601202,5.3
06037431100,8.41
06001405901,5.2
06059087806,5.87
06037192420,5.85
06037482303,6.27
06037188300,8.04
06037603006,5.52
06037190902,6.99
06001433300,6.26
06037199110,6.27
06037576501,5.56
06059086901,5.39
06037235100,5.45
06037191420,6.84
06037183620,5.67
06037480903,6.91
06037123700,6.24
06001437101,6.58
06037500800,6.09
06037408630,8.34
06037900102,4.41
06037503105,6.35
06037482503,5.86
06037576402,4.59
06037301206,7.16
06037106114,6.24
06037402703,6.44
06037482401,6.77
06037212202,6.27
06037191820,7.09
06013313206,5.08
06059074701,5.61
06085503710,4.75
06075012501,5.12
06037604001,6.5
06037481103,7.44
06037482502,5.6
06037504101,6.84
06037543604,6.46
06037211703,5.54
06037576403,4.53
06037234501,5.21
06037461600,6.33
06037269700,7.42
06095252401,6.15
06059086306,7.37
06037550901,6.29
06037235201,5.46
06013313204,5.26
06037576903,5.84
06095251100,5.26
06059074601,6.03
06037302003,6.61
06037570701,7.27
06037501200,6.91
06037183820,5.74
06037502003,6.76
06037602507,5.32
06037555102,6.1
06059099402,7.53
06001402700,6
06037106510,6.79
06059001303,7.52
06037531800,5.43
06037403318,6.01
06013307205,4.55
06037104108,6.24
06037211910,6.42
06037701100,7.75
06037134201,6.91
06037204120,6.38
06059074408,6.47
06037123602,6.15
06059088801,6.22
06037113422,6.23
06037543322,6.53
06001435500,4.99
06037575103,5.61
06059001903,6.6
06037602403,4.82
06037553000,6.36
06037408504,6.77
06095251803,4.93
06037401703,5.91
06037211410,5.64
06037296902,5.2
06037234300,5.31
06037603702,6.45
06037237800,5.27
06037481401,7.2
06037600201,4.51
06037535902,5.86
06037217100,7.41
06059074004,6.8
06037201200,5.06
06037701701,6.86
06037554405,6.4
06037500500,6.21
06037577000,6.6
06037404202,5.89
06037131300,5.39
06013383000,6.45
06037551202,6.47
06037572202,7.07
06037481202,7.98
06037269601,7.25
06059087805,7.22
06037602506,5.65
06037212102,6.27
06037554801,6.73
06059088903,5.85
06037406800,7.12
06085512310,6.54
06059042312,7.18
06037191110,7
06037197600,8.24
06037500900,6.25
06013307201,4.7
06013367200,4.84
06037554201,6.05
06013306002,5.91
06037600802,5.88
06059086304,7.04
06037920336,6.05
06059088601,5.44
06085501401,5.99
06037201120,5.36
06059074902,5.43
06037201504,4.78
06037480803,7.1
06037406500,6.71
06013320001,7.33
06037554204,5.58
06037481402,7.07
06059074806,5.95
06037551000,7.7
06059087801,6.33
06013378000,7.39
06037131600,5.92
06037543701,5.37
06037406701,6.01
06059099803,4.94
06085501102,6.55
06037462201,6.47
06037208501,7.07
06037503902,7.26
06059075403,7
06037535802,5.55
06085500100,7.22
06037408133,6.05
06037481002,7.05
06059074702,5.66
06037551501,7.39
06013355200,5.86
06059074803,6.41
06095252604,5.02
06085501501,5.18
06001402400,5.8
06037430901,7.47
06059087802,6.76
06037550201,6.99
06037134904,5.78
06041112202,6.41
06037139401,7.18
06037910404,4.61
06037213100,5.78
06037191710,6.06
06037204110,5.27
06037430102,6.27
06037552800,5.69
06037131900,5.99
06001400800,5.92
06059086405,6.2
06037573401,8.04
06037201503,4.81
06075020100,5.76
06037124105,5.84
06059110302,6.8
06059075302,5.92
06037600501,5.89
06037113234,6.2
06037128500,6
06095253402,6.27
06013313102,4.7
06001437300,5.21
06037109603,5.8
06037432902,8.73
06037113237,5.85
06037400302,6.84
06059011504,5.72
06059075003,6.03
06037296901,5.03
06037550601,8.09
06075017601,6.1
06037603703,6.67
06001400700,5.72
06037401500,8.23
06037604002,5.4
06059087505,5.73
06001436200,4.55
06085503218,4.74
06037553300,5.69
06001409300,4.84
06059076000,7.5
06037554802,5.89
06059011502,7.85
06059075512,5.79
06037212306,6.16
06085503709,5.28
06001405402,4.87
06037117302,7.1
06037481201,7.51
06001434000,4.64
06001402900,5.84
06001406500,4.61
06037480901,7
06037106649,6.73
06085503401,4.57
06037602504,5.12
06037107010,5.33
06037183103,5.89
06001432600,5.31
06037551402,6.23
06037406102,6.32
06037123104,6.13
06037600601,4.96
06037532102,6.15
06095251701,4.69
06081610203,6
06059001506,7.08
06059087503,6.46
06037134002,6.08
06037106113,5.88
06001433900,4.19
06001427600,5.83
06085503122,5.98
06037402803,4.89
06059011722,7.61
06059089102,6.27
06059089104,6.06
06085505100,6.86
06059088501,6.42
06037271200,7.13
06001403100,5.93
06037125200,7.16
06037183520,4.84
06037701702,6.68
06059099249,4.92
06037602404,4.75
06037480303,5.96
06037482304,5.67
06081600600,4.96
06037481606,6.62
06037900805,4.96
06059099903,6.27
06037553503,5.89
06037275200,5.49
06075026403,5.86
06037275102,6.15
06055200301,6.59
06037554700,5.73
06037461901,6.38
06037501600,5.88
06037310400,8.86
06037183610,4.9
06037553200,6.28
06037190402,5.77
06037480304,6
06037111302,5.53
06037190202,6.08
06037501002,6.53
06037543601,5.67
06037236000,6.82
06037702400,8.56
06037301204,5.99
06001407102,4.89
06037106405,5.61
06037104103,6.26
06037212305,6.17
06037920337,5.04
06059110201,5.65
06013303204,5.23
06037430002,6.26
06037543304,5.47
06037187101,8.52
06013329000,6.11
06037195903,7.6
06037550400,6.83
06037139502,7.12
06037543321,6.8
06037534700,5.43
06037135114,6.62
06037700102,7.06
06085503204,4.97
06085503113,5.77
06037134901,6.43
06037117202,5.79
06059087103,6.62
06037203710,5.75
06037571400,6.14
06037211420,5.89
06059074501,6.49
06037134905,6.59
06037482101,5.57
06037109400,5.63
06059099701,4.62
06037543703,6.71
06037102107,6.78
06037408303,7.11
06055200501,5.66
06037910601,3.9
06037270300,8.39
06001436900,5.01
06013306004,5.02
06085501700,5.42
06037197410,8.45
06037408141,6.53
06059086903,7.1
06059001301,6.75
06037502901,6.28
06037143604,7.53
06037554511,6.99
06037297601,5.58
06037234000,5.25
06059087601,5.48
06037402002,7
06037503201,5.49
06037404902,5.63
06085504602,6.72
06037211802,6.62
06001408600,4.03
06037195901,6.03
06001436800,5.31
06095252605,4.37
06037115301,5.72
06059001504,7.64
06081604200,7.7
06037207501,8.28
06095252702,6.27
06037236400,5.18
06037139301,8.55
06001436602,4.49
06037405702,5.57
06037900803,4.75
06037297201,5.26
06037302102,5.89
06059063701,5.54
06037216900,7.51
06037311600,6.94
06001432502,6.36
06013372000,4.93
06037408402,7.49
06081600800,4.53
06037910201,5.94
06037212410,6.21
06037195902,6.4
06001431000,5.64
06037234200,6.14
06037407400,5.43
06059074103,5.87
06037601301,4.91
06037550500,7.17
06037407900,6
06037128801,6.35
06037650901,7.39
06001422000,7.34
06037460900,5.89
06037222500,5.28
06037481605,6.43
06037900704,5.08
06037106406,5.66
06059074407,6.86
06037207710,8.57
06013336202,5.27
06037407301,6.09
06001438300,4.93
06037501504,5.71
06001427200,5.94
06037650003,5.66
06085504319,5.9
06037267300,6.6
06001437200,5.7
06059087703,5.63
06037600704,5.1
06037106112,6.47
06037408006,6.85
06059052411,6.65
06037222700,5.95
06037576601,5.66
06085503121,6.68
06085500902,4.54
06001440301,6.48
06037402705,5.18
06037462002,5.27
06037503106,6.03
06059099410,6.42
06037128910,6.37
06085503402,4.74
06037109604,5.73
06037503202,5.96
06013302005,5.2
06059001402,6.26
06037102103,6.28
06081600200,5.77
06037190301,6.31
06085500901,4.8
06013364002,5.28
06075026402,5.89
06085512043,4.65
06037195300,6.39
06037650300,7.32
06037910712,4.03
06037603004,5.46
06013303103,6.41
06013336101,4.72
06059087602,6.02
06081612100,5.66
06001444601,5.86
06037124600,6.12
06001435400,5.4
06037203800,4.91
06001405401,4.8
06059076102,6.29
06037482701,6.69
06059063604,6.5
06001433600,4.95
06037920036,5.2
06037702801,6.27
06037125600,7.71
06037137104,7.25
06059075515,8.81
06037543603,6.95
06001435601,4.65
06001408700,4.16
06037910401,5.35
06095250300,4.56
06037124902,5.08
06037481101,6.37
06085501000,4.72
06013371000,5.65
06037185202,6.43
06037188201,7.11
06037403721,6.38
06037403722,6.4
06037212610,6.04
06085503711,4.87
06001437102,4.54
06059099411,6.26
06001438100,5.37
06037481102,6.89
06001433103,5.01
06059110607,6.17
06037134302,5.65
06037406902,6.24
06037900505,4.05
06037402001,7.13
06037125402,6.69
06001401100,5.5
06037139503,6.26
06037408623,7.21
06059086305,6.58
06095252501,4.68
06059110604,6.97
06037431001,7.1
06037554900,6.3
06001444500,5.7
06037296300,6.55
06037189902,6.15
06037555103,5.33
06037187300,8.19
06037406101,6.36
06001408500,4
06001436300,5.13
06037139600,6.74
06037400602,5.68
06081601300,5.12
06081606000,5.61
06037463102,7.51
06037602302,8.06
06037910706,4.12
06037125401,6.77
06037650200,7.95
06037603600,6.13
06037310800,8.41
06037124903,5.02
06085503208,4.72
06037113303,7.24
06095251903,4.02
06037703200,5.07
06055201005,6.25
06059088702,5.45
06037900504,4.67
06001435104,4.07
06059088502,5.89
06059087002,5.07
06059032014,6.38
06037183101,5.22
06059075811,6.82
06037570702,5.8
06037554512,6.23
06037503501,5.26
06037481901,7.96
06013336102,4.23
06001409600,3.63
06037482800,7.12
06001440200,5.61
06037311000,7.17
06037401603,6.52
06037650101,8.91
06059088106,7.04
06037555002,7.02
06081602400,5.82
06037212420,5.94
06059088301,5.16
06037401102,6.43
06001435700,4.68
06037920023,5.73
06001424002,5.99
06037900605,3.93
06037201110,4.83
06037576502,5.16
06081611800,6.26
06037404000,5.58
06037141101,6.48
06037188202,6.65
06037600702,5.43
06001436601,4.47
06037123601,6.22
06037119700,6.85
06037406300,6.11
06037543602,6.65
06037117102,5.34
06037137201,6.41
06037408137,5.73
06037134306,6.44
06001433800,4.8
06001433700,5.08
06037102104,7.7
06059063702,6.65
06037554600,6.2
06059088104,6.73
06081607701,5.5
06037910504,3.76
06059088001,5.74
06037404100,5.61
06037900705,4.81
06037143200,7.31
06059076208,6.43
06001427300,5.83
06037139001,7.22
06037113301,5.97
06037554521,7.19
06095252607,4.01
06001423300,6.05
06055201003,6.29
06059076101,7.37
06037555104,5.41
06037207900,6.59
06037111100,5.67
06001437000,4.78
06001425101,6.87
06037301000,6.12
06037430902,7.1
06037115201,5.86
06001408300,4.37
06001433104,4.96
06037208710,5.85
06037195500,6.88
06037462301,6.54
06059086801,7.91
06059074102,5.91
06037600911,4.66
06037482102,5.7
06037462202,6.85
06037310900,7.92
06037189903,5.03
06001410100,4.5
06059062611,6.49
06037910001,3.57
06037910707,3.75
06013308002,5.22
06037702600,7.15
06037554406,6.26
06001406300,4.25
06001407600,5.03
06075061400,7.31
06037404504,4.95
06059075303,6.95
06037480802,7.69
06013301000,5.72
06013367100,4.54
06041112201,4.55
06037650602,6.05
06037431400,7.28
06037267600,7.53
06037480804,6.66
06037275500,5.95
06037920035,5.25
06037910711,3.91
06037910714,3.92
06075012301,5.15
06037920312,6.39
06059087001,6.16
06037571900,6.65
06037404302,5.43
06085503707,4.6
06081611700,6.21
06001433000,5.19
06001440308,5.44
06095251300,4.74
06095252606,3.79
06085503123,5.05
06037109601,5.32
06037910208,4.37
06037211500,5.62
06037103200,6.09
06037183701,5.81
06037101220,4.61
06037482002,6.51
06037183220,5.25
06081610400,5.88
06037600703,4.73
06037267403,7.2
06037270200,8.53
06059011716,6.29
06059011000,6.81
06037211803,5.95
06059099202,5.08
06059088403,6.55
06095251400,4.95
06059099902,5.86
06085505202,7
06037301203,5.38
06001409800,4.38
06037106408,5.12
06037189101,5.83
06037407502,5.03
06013328000,4.49
06059099229,6.99
06085512017,4.66
06059099250,5.68
06037109300,6.16
06085503117,4.2
06037311100,7.61
06037216200,6.93
06059088905,4.58
06075018000,6.53
06001406400,4.77
06001407101,4.01
06059076103,6.29
06001405302,4.74
06037571504,5.73
06085503713,4.17
06081601400,4.72
06001405700,4.72
06037270100,6.81
06037910205,4.52
06075012402,5.17
06075025800,5.27
06001437400,5.02
06037297602,5.41
06037137103,6.38
06075012000,5.25
06037900104,3.42
06081610100,5.4
06081610601,4.92
06085501402,4.67
06037461000,5.77
06001437600,4.45
06037272301,5.28
06081606100,5.79
06059011102,6.24
06075033204,4.37
06037501900,5.82
06055200203,5.72
06037189202,5.73
06037214503,6.09
06059089107,6.1
06037703100,5.1
06059074006,5.79
06037900608,3.71
06075012401,4.79
06001423100,5.68
06037910602,3.37
06037104124,5.29
06037211704,5.85
06037501300,5.52
06095250601,5.13
06037137501,6.35
06059088401,5
06037191901,7.69
06037125100,5.78
06001407000,4.29
06001436500,4.73
06075010700,5.17
06081601200,4.74
06059001102,6.24
06075025500,5.01
06037106646,5.93
06037482521,6.07
06037408212,7.45
06095250400,4.38
06037700101,7.15
06037107020,5.7
06059099413,6.37
06037403801,5.33
06037128602,5.38
06085508900,6.14
06075026404,4.3
06085500400,5.69
06001403400,5.81
06037571503,5.36
06001437900,4.36
06037920038,4.6
06037670100,6.28
06037406602,5.51
06037650902,6.78
06037405900,5.19
06085505303,6.29
06037401312,6.55
06037405500,5.87
06037401203,5.57
06037111205,5.51
06037141302,6.27
06037910715,3.41
06001438201,4.63
06037275603,7.42
06037408136,5.01
06037571502,5.15
06037267700,6.99
06037181300,6.82
06059099703,6.24
06037183702,5.88
06055200804,4.68
06037123902,6.26
06037481714,5.17
06037189102,5.7
06085503210,4.65
06059099223,4.73
06059087101,5.65
06013374000,4.31
06037480102,6.83
06085503217,4.44
06037461700,5.94
06037135111,6.5
06059011711,5.64
06085500800,5.65
06037211121,7.33
06037139200,7.58
06037117301,5.03
06037406000,5.45
06059074110,5.27
06037501700,6.17
06059088901,5.49
06001405800,3.74
06001430500,4.7
06059011712,5.68
06059074111,5.28
06037650102,6.73
06085501300,4.63
06037403901,6.44
06085512508,4.3
06001440307,4.78
06001438400,4.69
06037573403,6.38
06001410300,3.66
06037403312,7.57
06037400603,5.38
06075020200,5.02
06095253101,5.1
06075022802,6.74
06037401602,6.59
06095252904,6.25
06037131200,5.36
06001428000,4.9
06001425104,6.34
06013386000,6.04
06059086902,6.27
06001438203,4.04
06075026100,4.51
06037300400,6.78
06037405301,6.66
06037403303,6.57
06059099204,4.39
06059075404,5.88
06013313103,4.38
06075020900,4.75
06037405800,6.06
06037124500,5.56
06037214501,6.05
06075017700,7.1
06037401101,5.56
06001405500,4.17
06001430800,4.93
06085503703,4.34
06037212620,5.91
06037900609,3.28
06037125502,7.35
06001983200,6.17
06095250103,4.06
06037408724,5.14
06037462302,7.09
06037461502,4.73
06037650001,7.01
06059110110,5.54
06085501101,4.41
06059110401,7.3
06059063904,6.54
06001410400,3.51
06037192001,6.77
06055200704,4.68
06037481902,6.31
06037206020,7.97
06037550602,5.89
06081602000,5.3
06059110301,6.87
06037310202,5.35
06081600100,6.88
06037920030,5.85
06037181000,7.05
06037702802,5.95
06037111201,6.33
06059099247,4.43
06085509000,5.97
06037269903,5.43
06037186100,6.26
06013370000,5.59
06075017801,5.51
06037575002,5.66
06095253300,7.41
06013387000,5.03
06037650401,7.7
06059075401,6.71
06059087701,5.02
06075011300,4.82
06059099227,6.24
06037910603,3.21
06041112100,6.42
06085512506,4.34
06075026401,4.4
06037189800,6.03
06037501802,6.29
06001437701,3.38
06013303203,6.02
06059110014,7.05
06037183402,5.4
06059099248,4.45
06001436700,4.74
06059099226,4.96
06001430900,4.55
06037267502,7.1
06001408400,3.19
06037901009,4.28
06037403902,5.65
06037501503,4.84
06037406412,5.59
06075022901,4.71
06013313205,3.79
06037137402,6.2
06037275101,5.48
06037106020,4.82
06059075816,5.64
06085500600,5.19
06001432300,4.72
06037141303,6.13
06013302006,5.16
06037702002,6.34
06037401800,7.05
06037119310,4.96
06001433102,4.65
06081600700,4.87
06037124000,5.54
06001422100,5.72
06037269800,6.27
06037462100,5.07
06037192410,5.66
06037910505,3.31
06037460302,4.94
06037405400,5.39
06059110111,6.37
06085502002,5.27
06037900506,3.3
06037431502,7.26
06059001901,5.63
06037111301,5.61
06037300902,6.12
06059086303,7.23
06037651002,6.04
06075980501,3.6
06075025701,5.17
06059088201,4.8
06037504001,5.23
06037101400,5.69
06037432101,5.94
06059021903,6.81
06059110202,4.83
06037482600,5.77
06001406601,4.37
06037143603,7.41
06059075513,5.54
06081610302,6.43
06037650604,6.01
06037293301,5.91
06055200503,5.19
06085503213,4.7
06037128702,5.94
06001410200,3.67
06037212702,5.79
06037910606,3.08
06037183401,4.31
06095252608,3.35
06037216700,6.93
06037405600,6.7
06085503212,4.31
06075031400,4.23
06037702502,7.2
06037620002,7.14
06037267501,7.01
06075022801,4.84
06037106642,5.39
06085504802,6.16
06059052517,7.44
06059088904,4.76
06037214502,6.15
06081604102,4.96
06037670001,6.23
06037211701,5.51
06075061100,4.9
06085504410,5.46
06037576503,4.66
06001425102,6.45
06037408134,4.99
06059099222,4.37
06001438204,3.8
06059075405,5.66
06085504507,5.8
06095253205,4.77
06037214000,6.37
06037930401,5.95
06085503111,4
06059099905,5.75
06037408003,5.69
06037135113,5.28
06037195201,6.31
06059011101,6.13
06037900507,3.23
06037431900,5.4
06059088203,4.62
06037400604,4.34
06037408505,5.77
06037462001,4.7
06037550902,5.26
06085503304,4.85
06037301300,5.05
06037554103,4.63
06013365003,4.2
06013302009,3.76
06037183510,4.61
06037551502,5.49
06037267800,6.47
06037482201,5.03
06059062647,6.03
06075012302,5.13
06037297500,5.31
06059001708,5.95
06037408004,6.55
06085501200,4.99
06037910716,3.53
06037109800,5.52
06037910713,3.29
06013355107,4.47
06001435900,4.57
06037480302,5.92
06037106403,4.81
06037311700,7.85
06037212501,5.73
06013303102,5.22
06001435800,4.58
06037600801,5.12
06037980015,7.92
06013369002,4.99
06037101210,4.24
06037181400,5.78
06037408625,5.17
06001406602,4.27
06037273200,6.31
06085500300,6.13
06037503601,5.6
06037216800,5.97
06037137502,6.32
06059110304,5.13
06037408624,6.4
06037115101,6.19
06037301501,6.26
06059001507,7.32
06059001101,6.09
06059052502,7.38
06059099242,6.36
06059075805,6.96
06037212502,6.09
06059011401,5.13
06037503401,5.85
06059075301,6.31
06037920037,4.7
06037403500,5.78
06095252707,3.49
06037103102,4.51
06013302007,4.63
06037401601,6.19
06085500200,5.81
06085503903,3.68
06037139402,7.11
06037700802,6.5
06037141304,6.22
06059075806,6.89
06059001601,7.26
06085512402,5.64
06059063808,5
06037911001,4.38
06001432700,4.53
06059099502,7.24
06037702102,5.54
06059110007,7.11
06037702700,6.65
06037189904,5.65
06059011200,5.6
06059076202,6.26
06013331000,4.78
06037189500,6.09
06037111202,5.37
06085505302,5.97
06001403600,5.16
06059110011,6.95
06037574800,6.28
06085504601,6.81
06037901008,4.38
06037269907,5.45
06059099251,5.63
06037551201,5.02
06037271801,5.44
06001443002,4.44
06075022903,6.72
06037403600,6.57
06085503510,4.03
06037503802,4.59
06059021913,5.07
06037554522,7.12
06059063906,5.03
06037503702,5.42
06059075812,7.04
06001403501,5.51
06059088107,4.38
06037670002,5.19
06037401311,7.58
06037301100,5.55
06037113101,5.71
06037183300,4.42
06037571300,6.2
06081610900,4.94
06037577602,7.15
06037403323,5.83
06037431501,5.61
06059099203,4.22
06037482001,7.06
06001424001,5.32
06001440333,4.91
06001437500,3.36
06037403403,6.82
06037462800,6.14
06037272202,5.49
06001410000,4.58
06013307204,3.31
06081607702,5.21
06037574201,6.34
06037482202,4.96
06037275302,7.45
06037111400,4.96
06037113102,5.45
06001422200,5.11
06095252703,3.79
06037700502,5.59
06059063908,6.63
06037702201,6.67
06059088701,4.68
06075011700,5.24
06059052518,7.23
06081601502,4.18
06059001705,7.17
06037920313,5.23
06037701602,5.83
06037800204,6.7
06037576904,5.24
06037480101,6.51
06001405600,4.53
06037408135,4.6
06001444302,4.41
06037141201,6.38
06013363000,4.78
06037212101,6.38
06037503801,6.28
06037503502,5.09
06037195202,5.91
06037269602,5.05
06037503402,6.34
06059088105,4.36
06037124700,5.95
06059087704,5.37
06095252317,4.67
06037271100,6.36
06037703001,7.28
06037651101,7.31
06037141102,6.18
06081606300,6.4
06037310201,5.56
06085505301,5.57
06059088302,5.03
06059099212,5.91
06037920041,4.53
06037189600,6.57
06037572001,6.83
06037574902,5.23
06059063807,4.97
06085512401,5.3
06037403319,5.74
06037461902,5.46
06037504002,5.1
06081604400,6.19
06085504002,4.21
06037192002,5.76
06037401201,5.73
06059001707,7.09
06059063902,5.89
06013313203,4.19
06037920106,6.5
06037405701,4.93
06075012202,4.5
06037300502,6.6
06037574202,8.23
06085503708,4.27
06059088002,4.62
06013302008,4.81
06095253403,5.44
06037403316,5.95
06001436100,4.31
06037293306,7.31
06013320004,6.67
06037432000,6.3
06037401701,6.02
06037265305,5.91
06085503305,4.24
06037143500,6.07
06075011800,4.74
06037703002,5.6
06037124400,5.46
06037215101,5.86
06059099234,4.95
06037481712,5.63
06081601000,4.4
06037295103,6.46
06075020800,4.63
06037185204,5.36
06059062626,4.82
06001441602,4.74
06037106010,4.56
06037406402,4.73
06037403702,4.58
06037920332,4.8
06037186202,5.35
06037403317,5.75
06095253107,4.39
06037271901,5.53
06037214902,6.59
06085505203,5.63
06059110003,6.35
06001420400,6.43
06037651221,5.35
06037403322,5.49
06085503337,4.39
06037214800,6.55
06037101110,4.27
06037920328,5.85
06059001501,7.63
06085502102,4.49
06037900900,5.25
06037217002,6
06037181500,5.16
06013359103,5.16
06059099224,5.12
06059075507,5.61
06059099241,6.27
06095253404,5.53
06085504322,5.7
06037192300,6.34
06085503306,3.32
06059099603,7.36
06037272302,5.22
06037463101,6.28
06001423000,5.03
06085512509,4.52
06037216401,5.46
06059110108,7.87
06037901010,3.68
06037463200,6.02
06037311400,6.24
06037265303,4.37
06085503211,4.15
06037128802,6.33
06037431002,6.59
06037183221,4.88
06037311500,6.42
06037430801,6.65
06037503302,5.03
06037113213,4.96
06085504506,6.41
06059062627,4.92
06037310602,7.5
06059062614,6.33
06013303201,4.88
06037554519,4.82
06037400800,5.66
06059011300,7.2
06055200601,5.58
06085504418,4.78
06037195400,6.04
06059075902,6.1
06085509304,5.94
06037273300,5.81
06001442500,4.38
06001437702,2.78
06001408200,3.22
06037401002,5.03
06085505700,4.66
06085504805,5.3
06013330000,5.32
06037702300,7.29
06037401202,6.25
06075031201,4.04
06001440331,4.05
06037183222,4.82
06037311300,5.92
06037214400,5.44
06037461300,5.24
06075010600,4.98
06095250105,3.71
06037143100,7.81
06001409900,4.13
06059062646,4.9
06013304002,5.95
06037189905,4.89
06001441503,6.37
06037570800,5.51
06001425103,5.71
06085505009,6.33
06037432102,7.53
06037267402,6.56
06085505600,5.25
06059052422,6.49
06085505001,6.37
06037113212,4.64
06037272201,4.84
06037461400,4.63
06075022902,4.54
06037214901,6.33
06037113231,4.75
06037135202,4.76
06037570003,5.79
06037265510,5.78
06001442301,4.57
06059110113,7.14
06013316000,4.45
06075012201,4.75
06085503207,4.74
06085503506,3.43
06037554513,4.83
06037700801,6.33
06037920034,4.24
06059001503,7.55
06059110001,5.98
06059076205,6.11
06037481711,4.9
06085504803,5.44
06037670003,6.34
06059110106,5.23
06085503315,3.89
06095250501,3.53
06037109200,6.3
06013356001,3.81
06081600500,4.21
06085509404,5.2
06085504422,5.09
06037403401,5.77
06037651001,5.86
06037574400,7.11
06037113232,6.31
06085503504,3.87
06037191902,7.51
06037108202,4.6
06059099602,6.08
06037408704,4.65
06037408628,4.59
06037650605,7.18
06037109700,5.84
06037910605,2.86
06037143300,6.08
06037571000,6.35
06059021814,7.22
06037216402,5.84
06059110116,4.84
06055200202,5.38
06037650004,4.75
06085503507,3.54
06037276100,6.12
06001433500,3.5
06037920042,5.59
06037503701,4.37
06037576602,4.95
06085503508,3.29
06095251702,3.33
06095252102,6.03
06059099230,6.21
06037183104,5.01
06081605100,6
06001423400,4.9
06001435602,3.99
06037461100,4.7
06037920029,4.69
06085504001,3.61
06037274100,7.87
06037460401,6.11
06037570901,6.02
06075016802,5.07
06059075901,6.31
06085504806,5.71
06059063903,5.7
06037301400,5.78
06059042313,5.21
06081600402,3.7
06037401303,6.68
06085504413,3.96
06037571102,4.78
06095250200,3.38
06037503301,5.51
06037277100,7.72
06059099906,6.88
06059099605,5.69
06037650800,5.5
06059099508,4.27
06095253204,3.46
06037214700,6.48
06037401902,6.2
06085512032,4.61
06075026001,3.73
06037108101,4.75
06037609900,3.8
06085504700,5.89
06037403405,5.65
06001405200,5.09
06037267404,7.05
06037570002,4.65
06059042108,5.05
06037554516,4.74
06013359102,4.06
06037651102,6.03
06037800328,5.49
06037215102,6.16
06037403321,5.35
06075031302,4.1
06081600900,4.73
06085509202,5.63
06037480011,5.66
06001409700,2.8
06085504311,5.51
06037271300,7.22
06037651402,6.34
06001442800,4.41
06037400900,6.28
06059062610,7.99
06075010100,5.13
06001405301,3.98
06001420500,5.79
06001432100,4.37
06037189702,6.63
06085504323,5.02
06037264301,6.48
06037554518,5.92
06037910206,3.68
06085512311,5.88
06059021915,5.86
06059001704,5.44
06037460301,4.66
06095250502,3.47
06085502001,4.71
06037554517,5.37
06059042107,6.11
06041110100,5.45
06075025100,6.65
06081601501,3.93
06001436000,4.15
06075033201,4.05
06085512039,5.01
06037463601,6.1
06037265201,5.64
06037271702,6.46
06037297202,4.23
06037701402,5.41
06037300800,6.46
06075060700,6.56
06037900508,2.63
06085504504,5.44
06059052523,6.39
06037408005,5.15
06081605900,5.09
06095252611,2.61
06037480400,5.88
06085504412,4.3
06059052416,4.83
06001437800,3.61
06059052519,5.96
06037103400,5.32
06037463900,6.66
06001441927,3.92
06037575001,5.72
06075026200,4.36
06037461501,4.36
06075047701,4.4
06001432200,3.92
06075015801,4.1
06001444100,4.4
06037431300,6.88
06081607600,6.14
06085512038,4.56
06001441926,3.83
06037700200,6.55
06037267200,6.33
06037216100,6.27
06037301205,5.85
06085512022,4.09
06037901102,3.71
06037189300,5.14
06095253108,4.42
06037265304,4.62
06081610800,4.21
06037139801,4.18
06013338101,3.87
06059063202,5.17
06095252909,4.3
06059075504,6.74
06059052418,6.29
06013355108,3.35
06081601605,3.76
06037910202,4.45
06037463700,6.59
06059011503,5.12
06059052423,5.82
06037650701,5.8
06059110117,5.31
06081610700,4.68
06085503902,3.26
06037480202,6.32
06075042700,4.31
06075012100,5.15
06001440336,4.16
06037106645,4.7
06037920322,5.01
06059075505,6.19
06037482702,4.92
06037920326,5.61
06075022803,4.61
06085505006,6.41
06059099406,5.14
06059099509,5.83
06081601100,4.07
06013303205,5.25
06059011717,6.13
06037108102,4.63
06037269905,5.85
06001433400,3.93
06037701502,5.83
06037181600,5.28
06001443001,4.67
06059099232,5.57
06059110115,5.7
06081601603,4.7
06013304001,4.9
06055200802,5.63
06037408705,5.05
06059110605,5.9
06013392300,4.89
06037273902,6.56
06059099412,5.21
06037271701,5.52
06037300600,6.43
06037576801,4.32
06001451404,5.13
06085505007,6.81
06059075807,6.87
06037189701,6.71
06001406900,3.69
06095252706,4.07
06001427700,5.21
06059011707,5.93
06085501800,5.81
06037134422,5.08
06055201007,3.39
06075031202,4.39
06059088202,4.68
06037651222,4.99
06001450607,5.46
06059052515,6.01
06037503703,5.25
06085501900,5.36
06037701000,6.4
06037194500,6.25
06037901101,3.37
06081608400,5.68
06037901209,5.32
06081601902,4.79
06059063806,5.07
06041106001,4.7
06037113322,5.56
06001450602,5.32
06037901011,3.67
06037910709,3.32
06095252911,3.88
06037271600,6.05
06037265202,5.82
06001401200,4.99
06075047902,4.56
06085512029,4.54
06037403404,4.7
06059021802,5.61
06085504421,4.93
06075025900,3.87
06037311200,5.88
06081601901,3.56
06001440100,3.15
06037403402,4.97
06013360101,4.99
06075026004,3.66
06001444400,3.49
06075016100,3.91
06059042201,6.94
06037702901,7.94
06001450745,4.96
06037267901,5.11
06059099510,6.37
06037571101,5.4
06001400600,4.62
06037920115,6.13
06059110303,5.31
06085509403,5.19
06037503901,5.35
06055200602,5.12
06075031301,4.29
06059099305,5.18
06001441923,3.98
06055201300,4.3
06085503804,3.69
06075060502,2.8
06037700902,5.54
06055200201,4.89
06037265700,5.65
06037571200,5.97
06001432800,4.57
06001403502,5.15
06059076201,5.88
06037101300,5.45
06059042310,6.16
06059052521,6.49
06013317000,4.61
06059110104,5.23
06001438000,4.17
06059011708,5.54
06037570001,5.55
06037211000,6.34
06013303202,4.57
06095252314,3.68
06037462700,5.84
06037577603,6.64
06037113211,5.59
06001431100,4.32
06059110006,7.06
06037700400,7.07
06085504414,4.4
06013339001,4.99
06037269906,5.18
06059021826,5.62
06059032022,5.22
06037403802,4.59
06059110203,5.59
06037103101,4.51
06059075506,5.14
06037185100,5.59
06001442400,3.93
06037106641,3.9
06085505305,5
06037273100,5.89
06001431200,4.97
06059063301,6.52
06037106643,5
06001435300,3.26
06037103300,5.4
06037576802,4.68
06037403406,5
06037269904,4.85
06075025402,4.16
06041105000,5.51
06095252610,3.38
06013324002,5.71
06037620101,5.99
06037408626,4.95
06081607400,4.65
06037275311,6.21
06055201200,5.45
06059062622,5.89
06037276500,6.32
06081606600,5.8
06085508704,5.74
06037275602,6.8
06037430802,5.19
06037278001,6.86
06059052425,5.76
06037620601,5.34
06037400304,6.04
06001422900,3.66
06059063007,6.74
06075016000,4.17
06037920013,6.72
06037621204,5.38
06081601700,3.98
06085512505,3.25
06075011100,5.12
06075026301,3.19
06013355109,2.84
06013334001,4.32
06075033203,4.09
06059099408,5.25
06085512100,4.83
06055200707,3.92
06037111206,6.44
06059001902,5.1
06059063805,5.88
06037480600,6.85
06059110114,5.04
06059075815,6.17
06059021815,6.99
06059076206,5.91
06085506203,4.93
06075025403,4.48
06001451501,5.05
06095252313,3.16
06085503336,3.31
06041102203,4.02
06075010800,4.74
06085503108,4.36
06037271802,5.05
06001423901,4.66
06037554514,5.53
06001441700,4.61
06037920031,5.76
06037464000,6.53
06059021821,6.49
06037134423,4.4
06001451401,5.24
06037920303,5.76
06041129000,4.07
06037430400,6.08
06037135102,5.7
06085502400,5.37
06085503118,3.56
06037650603,5.08
06095252903,4.89
06013340001,5.27
06075011200,4.72
06085512020,4.17
06075033100,3.67
06059063101,7.64
06085503116,3.7
06075016200,4.79
06001436401,4.08
06037910705,2.59
06059032027,4.46
06037573902,6.41
06059021807,5.6
06037900103,2.33
06037430803,6.37
06037186201,5.22
06059052524,5.61
06059011402,5.12
06037910207,3.5
06037141202,5.15
06085504102,2.67
06037500202,5.56
06081601601,5.27
06059074107,4.71
06075025600,4.18
06037701601,4.98
06085512510,3.86
06037265602,5.04
06001441200,4.64
06037463602,5.78
06001444602,5.29
06037141400,6.95
06095250605,3.27
06055200302,4.87
06001442900,4.94
06037400207,4.56
06095252316,3.51
06037262704,6.53
06037297300,4.75
06037273502,5.49
06059062625,3.98
06037300200,5.03
06013389100,4.53
06037273600,6.57
06059063008,5.5
06037701302,4.54
06095253105,3.71
06037920017,4.66
06085506401,4.66
06059099405,4.96
06059052424,4.51
06085505304,4.51
06037920043,5.38
06095253206,4.26
06013321200,4.56
06037408723,3.92
06037106111,3.66
06055201602,4.45
06059052506,5.41
06037700901,5.8
06013357000,4.92
06085506501,3.49
06085500500,5.03
06037430724,4.74
06037920102,4.93
06095252000,4.27
06001428200,4.54
06081601800,4.58
06037462400,5.01
06059021918,5.11
06075047802,4.43
06059001403,6.48
06085506402,4.58
06001407800,4.12
06059063201,5.06
06001450603,4.58
06037300501,6.32
06059063907,7.58
06037700300,5.91
06037296402,5.46
06085504321,4.08
06059075701,6.72
06037194402,5.86
06085505403,4.33
06095250604,3.83
06081608600,5.98
06059052505,5.29
06013337200,3.86
06037214100,6.14
06037111204,5.11
06001427900,4.75
06085503803,3.16
06095251804,2.69
06095252704,3.11
06037273402,4.93
06037501501,4.54
06085503115,5.3
06037310300,6.28
06001450743,4.53
06085503327,3.33
06037800327,5.06
06013318000,4.53
06037274202,5.69
06001422300,4.67
06001427800,4.86
06037599000,4.55
06085508800,5.62
06059042311,5.98
06037400403,4.94
06037216300,7.1
06037431800,4.68
06001441524,4.3
06013389200,4.91
06037265410,5.54
06059063500,6.92
06059011710,4.46
06085512313,4.35
06059110109,4.5
06037463000,6.42
06059052404,8.17
06055200504,4.68
06037108103,4.38
06055200505,4.06
06059042307,5.47
06037901004,3.38
06085504316,4.59
06037702501,6.99
06085512042,3
06081607500,6.2
06037195100,7.1
06037297400,4.5
06059110010,6.49
06059011709,5.76
06037217001,4.67
06075060400,4.1
06059062648,4.23
06001428100,4.83
06085512026,3.8
06037702202,5.21
06085508601,4.98
06037430701,6.69
06001441100,3.96
06085512036,3.97
06037920330,5.64
06037400206,5.88
06059099215,4.85
06085508703,5.09
06059099417,5.29
06037401304,6.57
06013335000,4.87
06037400402,4.45
06001444200,3.57
06037430302,5.2
06037920112,5.03
06075020700,4.13
06037700700,5.62
06081609100,6.36
06037920033,3.92
06085512033,4.4
06037106603,5.57
06037910807,4.16
06001442302,3.42
06075010500,4.63
06059099233,4.77
06085504320,3.25
06037463400,5.4
06013359104,4.29
06081607200,4.39
06037297000,3.87
06037272100,5.02
06059052426,6.84
06085509107,4.9
06001440335,4.91
06085505401,4.66
06013333200,4.09
06075047801,4.39
06037920039,4.28
06037267902,5.35
06037481713,4.71
06055201006,3.42
06085504307,3.27
06037800410,5.48
06081607800,5.59
06037408629,4.24
06037403703,4.71
06001400500,4.38
06081608004,5.19
06037300701,5.38
06001443301,5.02
06059099214,5.36
06059052522,5.81
06037430721,6.67
06059052526,4.41
06037264103,5.22
06001427100,5.81
06037620521,4.2
06001450400,4.81
06075047702,4.5
06075032802,4.03
06085504101,2.73
06037670416,4.19
06037430600,6.18
06075025200,4.93
06037480704,6.55
06037310100,6.93
06037800329,5.87
06085512025,3.23
06059110008,6.51
06013302010,4.04
06095252705,2.84
06037275400,7.1
06037137401,5.61
06085509500,5.29
06075032801,4.17
06085504505,5.18
06001442602,4.04
06037201302,4.15
06059032054,3.72
06085512023,3.39
06059110015,7.4
06037573601,4.83
06075011901,4.67
06059063603,7.79
06001451101,6.84
06037620501,6.31
06095252103,2.75
06055201500,5.64
06081603802,3.75
06037481800,5.39
06041104300,4.16
06037462500,5.38
06075045200,4.88
06081604000,4.23
06001440304,2.77
06013334004,3.91
06085508004,4.92
06041104102,4.1
06085503321,2.92
06081603700,3.44
06075033000,4.19
06095252305,4.91
06001451506,3.95
06037214600,6.04
06001440334,3.88
06059110005,5.83
06095252104,4.51
06059099220,5.21
06085513000,4.94
06075042601,4.22
06001440306,2.62
06081610602,4.26
06001420300,6.38
06085504416,4.62
06001422800,4.21
06001451201,4.42
06037920334,5.21
06037920040,3.93
06037134424,3.1
06037571800,7.1
06085502101,4.68
06001403900,4.79
06037570902,4.9
06059011715,4.16
06037577100,5.29
06059110118,4.27
06037403325,4.68
06081608501,5.61
06059110102,5.15
06059099513,4.1
06059052513,5.15
06037651401,5.46
06013321101,4.05
06075061500,5.77
06037503602,5.5
06037920114,5.41
06001421900,5.21
06037265520,6.09
06085503511,3.03
06059062612,6.68
06037271902,4.24
06037700600,6.33
06037403304,4.95
06037650501,6.78
06085509105,5.39
06001407700,3.02
06037277000,6.47
06037143800,6.65
06075015200,4.85
06075025401,3.89
06037920314,5.89
06037143602,5.18
06059001505,5.75
06013361000,3.04
06037135203,3.69
06059099306,5.04
06037406601,4.96
06037139703,4.56
06001428400,4.32
06013333101,3.81
06001435200,3.47
06085502910,3.78
06037267100,5.65
06001450752,4.43
06059052525,4.96
06037461200,4.88
06085505500,4.82
06075011000,4.52
06059063802,4.65
06001450101,4.35
06085510801,5.4
06037901007,3.4
06001423500,4.24
06085502201,3.07
06075040200,4.73
06037910210,3.25
06085502604,5
06059110012,6.12
06037186203,4.08
06059099404,4.49
06001404900,4.31
06037920104,4.52
06037620102,6.81
06095252908,2.8
06081604800,4.75
06075047901,4.02
06001441301,3.68
06085502800,4.54
06037460100,4.81
06085512052,3.41
06095252306,3.44
06059099246,4.94
06037800203,5.63
06037431700,4.61
06059075813,5.88
06075032602,4.6
06075025300,4.27
06037480012,4.52
06055201601,4.76
06037408722,3.73
06055201800,3.72
06001422700,3.35
06037920339,6.49
06013360200,3.09
06081609202,4.88
06037555202,6.2
06037920116,4.39
06037137302,3.81
06085512027,4.16
06075035300,3.2
06095252108,3.86
06085513500,5.16
06037113235,4.29
06001403702,4.82
06085512309,4.03
06037194101,5.38
06095253203,2.91
06013307101,2.33
06037403408,4.46
06059099225,4.39
06013355110,2.86
06037920026,3.15
06013359203,3.57
06001422400,4.55
06001428600,2.77
06095252801,4.74
06013339002,5.57
06059062621,4.81
06037700501,5.8
06085508504,3.86
06059011718,4.1
06059032015,5.85
06081613501,5.14
06059032013,4.65
06085512312,4.44
06085504901,5.94
06055200705,4.34
06001428500,3.27
06095250106,3.86
06055202000,3.32
06095252202,4.87
06095252802,5.35
06059063302,6.7
06081601604,4.42
06085512314,3.44
06037408703,5.18
06037400501,3.51
06037141600,5.66
06085512005,4.34
06085509902,4.55
06055201004,3
06001443105,3.65
06085506601,3.94
06037276604,5.6
06075010300,5.14
06013359105,4.22
06059052514,5.17
06081608200,3.92
06081605300,5.26
06037135201,5.25
06085506304,3.39
06013355111,2.83
06001407900,4.12
06001404800,3.31
06037651304,5.29
06001441924,3.65
06037500100,4.21
06085508508,4.31
06037910805,4.37
06059063102,5.7
06001423602,3.79
06001441800,3.45
06059110004,6.71
06075016300,4.04
06085503509,2.79
06085509303,4.73
06037462900,7.7
06001450102,4.09
06001422500,4.2
06085502301,3.71
06037920119,3.71
06059052511,4.4
06075026003,3.33
06081603801,2.93
06085503802,2.56
06037701304,4.3
06001403701,4.62
06059021924,5.49
06059099243,4.78
06059099504,7.34
06059099307,4.62
06059032012,4.86
06075026302,2.99
06013319000,4.27
06037920118,6.22
06037271400,5.05
06059099216,5.57
06059021919,3.88
06085506305,3.01
06059099235,5.27
06059063004,5.79
06001430101,3.88
06037400204,4.86
06037108201,4.74
06085502901,4.12
06059063803,4.58
06075015900,4.05
06037701202,4.47
06059052421,4.48
06037920329,6.43
06037574300,6.84
06013304003,3.44
06059062628,4.45
06037143400,6.34
06037430723,4.85
06059099245,5.37
06075022600,6.33
06081602800,3.96
06041104200,4.16
06095252915,3.49
06037269100,4.53
06059032035,3.63
06013322000,3.86
06037194401,5.64
06001430600,3.44
06059021922,4.67
06059099309,4.64
06085512307,4.61
06075015300,4.71
06075022704,6.4
06085509102,5.25
06037276603,5.36
06085509108,5.91
06075010400,5.17
06081602500,3
06001408100,3.51
06075022702,6.4
06059052520,4.45
06059001706,4.53
06037276000,6.56
06085512019,3.53
06001444301,3.12
06037273800,7.14
06059099416,4.62
06001441522,3.3
06075035400,2.95
06037408503,3.77
06037901205,2.95
06037574000,5.95
06059062800,5.29
06059021905,5.66
06075015500,4.09
06075042800,4.51
06037463300,4.2
06001443321,4.24
06013359204,3.74
06081608023,4.01
06059099239,4.96
06059099512,5.8
06085506503,4.22
06037264000,4.96
06085506301,4.85
06001441601,3.75
06085505008,4.29
06081605400,6.39
06059021917,5.15
06059042327,3.31
06001451300,5.73
06001442100,3.54
06001450300,4.69
06037651201,5.28
06001441401,3.56
06001450751,3.96
06085506502,5.44
06037296401,3.38
06037139701,6.98
06013325000,4.36
06037101122,3.76
06037621201,6.08
06095252312,3.4
06037554515,4.82
06085506702,3.79
06001441921,3.28
06085508505,3.88
06081602900,3.36
06001450744,3.94
06001406800,3.45
06037701501,5.41
06085504411,3.19
06081603900,4.21
06013332000,3.7
06037621301,5
06059021809,5.42
06037137301,4.14
06095252201,4.48
06001404102,4.37
06001440332,2.47
06001442601,3.62
06075011902,4.72
06037143901,5.21
06081607900,4.52
06001442700,4.5
06001443322,4.51
06037910209,3.48
06037574100,6.09
06075026303,2.93
06013384000,4.07
06059042113,5.22
06085512021,3.57
06037500201,5.16
06037463500,6.22
06085509201,5.67
06037194102,4.93
06037910302,2.65
06085509600,5.17
06085512037,2.95
06059099407,5.38
06059021822,4.75
06037910301,3.21
06059062649,3.84
06059052408,6.39
06013359202,3.81
06059052415,4.42
06095250104,2.21
06001451602,5.14
06059062605,4.44
06037480201,5.33
06081600401,2.53
06055201900,4.91
06001451503,4.99
06081600300,2.61
06059052419,3.81
06081605000,5.5
06081602700,3.43
06037920028,4.54
06085507805,5.24
06013324001,5.22
06085504420,2.97
06081612900,4.28
06059032028,3.61
06041111000,4.75
06085502500,3.83
06041108200,3.01
06001400400,4.13
06085505402,4.77
06085506000,3.74
06081603000,2.63
06081613000,5.2
06037269300,5.46
06037800324,5.36
06095252913,2.59
06037910810,4.6
06085505900,4.18
06013337100,3.25
06081613700,4.27
06037300901,4.88
06085503325,2.82
06075016500,3.87
06037138000,3.65
06085506103,4.86
06059042103,4.37
06037800202,4.73
06059099604,5.21
06037480002,4.58
06085503324,2.26
06037139702,6
06013388000,4.83
06001443104,3.48
06085508001,4.41
06085508503,3.86
06037920107,6.71
06037920108,4.62
06037573700,4.85
06085508101,5.16
06081604900,4.45
06085504317,3.71
06075026002,3.09
06037273700,5.71
06075035202,3.22
06059021914,4.53
06037460800,6.2
06037300301,5
06085512024,3.76
06085508102,6.08
06037920044,3.81
06037577300,4.76
06059099237,3.69
06037701201,4.27
06059052527,5.88
06075032601,4.2
06085507806,4.49
06085512305,3.1
06085506102,4.04
06059042114,3.81
06001441523,3.15
06041109001,4.69
06037576700,4.27
06037143700,7.28
06001441925,3.11
06001451202,4.61
06095252914,2.75
06037620702,5.24
06037403324,4.51
06013349000,4.44
06037403407,4.37
06085503323,2.11
06085502302,3.53
06075047600,4.93
06037651302,5.9
06013345111,3.31
06037620201,5.49
06037400404,3.86
06001428301,4.76
06059062637,4.23
06075035201,3.07
06085512001,4.68
06081610304,4.42
06081602600,3.03
06059042339,3.08
06001403800,4.54
06085508003,4.3
06001451504,5.41
06075015700,4.09
06037265601,5.38
06037276601,6.58
06037264102,4.79
06081614000,2.59
06041106002,4.09
06001450750,3.76
06059042305,4.03
06085512308,5.19
06037194200,5.61
06037670403,4.15
06041131100,4.31
06059099244,4.06
06037577200,4.91
06037670202,5.53
06059042203,5.74
06059052420,5.19
06037460200,4.26
06059021820,4.64
06037620400,6.84
06085507905,3.95
06059042330,3.45
06075045100,3.67
06001443102,4.05
06085508202,4.97
06013343001,4.3
06037276400,4.91
06081605500,5.23
06037800504,6.34
06037480703,5.74
06037430301,4.94
06059063103,4.05
06037401001,3.85
06059062604,6.7
06075032902,3.28
06075030201,3.7
06081608002,3.76
06085509106,4.5
06013362000,3.35
06085502906,3.29
06085512053,2.29
06037408706,3.53
06037901210,2.9
06085502701,4.6
06001451601,4.46
06059042315,4.77
06037574901,5.18
06059021825,3.47
06059032011,4.18
06001400300,4.47
06085511915,3.05
06037430003,3.89
06055200803,3.08
06095253106,2.46
06085512031,2.79
06001441402,3.57
06085506302,3.54
06081605200,3.78
06013333102,4.08
06013304005,4.23
06037577400,4.32
06085503003,3.31
06059042320,4.01
06059052427,4.85
06041133000,4.81
06059099217,4.6
06085508602,5.02
06001423902,3.97
06001442200,5.21
06085508507,4.06
06081604500,4.27
06085511302,4.35
06085512503,2.27
06085507205,3.98
06075040100,4
06001428302,3.5
06085506101,4.04
06085503001,3.81
06037403320,4.41
06055200400,5.33
06037460000,5.19
06059042335,3.69
06041130202,5.66
06001420200,5.39
06075042602,4.56
06085505800,4.74
06001421700,4.07
06085506204,4.73
06037400205,5.13
06085508401,4.8
06041121100,4.95
06001430700,2.79
06059032047,4.11
06059063400,6.94
06037574500,6.82
06037431600,4.53
06075021000,4.01
06037430502,4.35
06059032055,3.69
06037901213,2.74
06013338203,4.74
06085506603,3.48
06059042106,5.3
06041121200,6.08
06037621004,4.62
06037620001,6.86
06059099310,3.71
06085506801,4.5
06059042334,3.56
06001426200,4.28
06037920018,3.41
06013320003,3.74
06037910804,3.55
06075013300,4.46
06059075604,3.71
06075016900,3.28
06059021912,5.46
06085511911,3.3
06085507402,3.63
06037620602,5.9
06037265100,5.8
06059062641,4.3
06037910809,4.68
06037574602,5.59
06095252105,3.48
06059099511,5.09
06041104101,3.52
06081613800,4.99
06085509302,5.58
06075016600,3.46
06085507807,4.45
06055201700,4.25
06059021812,6.62
06001423601,4.15
06001441521,2.79
06085509401,4.45
06037264302,6.08
06037621324,4.74
06059052528,3.93
06085503002,4.18
06085510700,5.17
06085512035,3.28
06095252106,3.08
06085504314,1.94
06075030900,4.35
06059032034,3.59
06037910813,4.37
06075015100,4.68
06059052417,3.58
06001406700,3.14
06059021916,3.63
06041101100,4.17
06037403305,4.45
06059042205,5.65
06075013500,4.69
06059001602,4.28
06013323000,3.88
06075010900,4.6
06037920020,3.35
06037573800,5.59
06095252107,3.44
06075015600,3.45
06013356002,2.72
06075015400,3.74
06085506701,3.15
06037430200,5.76
06001451403,3.92
06037408627,3.29
06075013101,4.81
06085509801,4.74
06059032039,2.66
06085512034,3.75
06041119201,3.93
06081613502,2.62
06001450200,2.55
06037278102,5.9
06037139802,3.57
06001450746,4.43
06037134421,3.64
06037621104,5.8
06059021827,3.64
06055200706,3.23
06059099514,3.75
06081606400,5.54
06059099240,3.94
06059032002,3.79
06081604700,2.43
06037300702,4.94
06001441302,3.66
06085502909,3.46
06037462600,4.05
06059062640,3.72
06085506606,4.06
06075032700,3.81
06059032029,4.31
06041119202,4.59
06059032037,3.93
06001450501,4.21
06081609201,4.79
06001421800,3.76
06013337300,2.92
06041101200,3.27
06081608001,3.13
06081604600,2.66
06085508304,3.48
06001450605,3.37
06075013400,4.53
06001440305,2.02
06059032051,3.68
06037189400,4.57
06059075814,4.11
06059042112,4.5
06081606500,3.88
06037670407,3.17
06075032901,3.48
06059021816,4.91
06059032032,3.59
06059063010,4.44
06085507701,5.04
06075010200,5.12
06037800332,4.06
06059032033,3.21
06037577501,5.23
06081607100,3.21
06081613600,3.42
06095252311,2.92
06013338201,3.84
06001404101,4.54
06059099308,4.82
06085506803,3.15
06059062638,3.34
06037670701,5.77
06037460700,6.81
06075030101,3.39
06085506202,3.32
06037920109,3.54
06059099415,5.66
06075016700,3.38
06085503322,1.88
06081603100,3.38
06059099311,3.68
06059021923,3.66
06085508404,4.24
06085507904,3.04
06013304004,3.37
06055201401,3.52
06095252315,2.06
06037620800,5.11
06037670602,4.58
06075016801,4.11
06059042111,4.1
06059032048,3.47
06095253201,2.5
06085511500,6.37
06037800331,5.71
06037108104,3.82
06037800102,4.84
06075012700,5.22
06085503333,2.06
06041123000,3.46
06037430501,4.08
06059021823,3.98
06037620522,4.43
06001404000,4.9
06075013200,4.57
06085506605,3.62
06041103200,2.56
06081603200,2.33
06059062644,4.82
06037650502,5.85
06059062636,4.18
06059063905,4.51
06059032056,5.16
06085510600,5.62
06037480500,6.38
06059042331,2.96
06085512045,2.7
06059032036,3.87
06037920331,4.47
06085503312,2.13
06037261101,4.66
06037464200,5.16
06059032053,3.57
06059021920,3.28
06037271500,4.5
06059032049,4.39
06085502202,4.02
06085511905,2.74
06037910808,3.8
06085511000,4.11
06075035100,3
06085511100,3.98
06037577504,4.29
06013338301,3.28
06059075605,3.66
06013345202,3.97
06059062639,3.18
06059099231,4.45
06059063601,4.69
06013385200,3.23
06059021824,3.34
06001443103,2.97
06085504423,1.98
06081608100,3.84
06037300100,4.11
06081613300,3.45
06037621326,4.35
06085506703,4.93
06085512200,3.14
06059032040,3.17
06059042324,3.25
06059075703,3.9
06059032003,4.23
06001435102,2.25
06085508204,3.54
06081610000,4.4
06059021921,4.32
06085506802,3.64
06081607300,3.22
06059032061,5.56
06059062900,5.6
06095252910,2.1
06037269000,5.51
06059042328,3.89
06095252912,2.63
06085502702,4.52
06059062630,4.13
06081610303,3.08
06037141500,6.38
06075031000,3.48
06001450741,3.34
06059062632,5.48
06013385100,2.6
06037464100,5.69
06085502601,3.65
06059062634,4.29
06081608502,4.58
06037620305,5.14
06037670324,5.79
06001430300,2.4
06013355301,3.27
06037620701,4.83
06013355115,2.16
06059021810,4.39
06081612700,4.31
06013338102,2.99
06085504315,1.78
06059099238,3.66
06085512047,1.79
06037920012,2.52
06075030301,3.62
06001451701,3.31
06085509109,5.23
06013346203,3.6
06059042109,3.19
06041126200,4.32
06013355304,4.14
06037460501,5.65
06059021817,3.85
06037262200,6.08
06081613900,4.52
06059032041,5.17
06081611000,3.21
06037262100,5.64
06041130201,4.22
06085507100,4.41
06037920015,3.14
06059032038,3.23
06085504201,2.34
06013334006,2.62
06081603300,2.54
06075031100,4.08
06037621400,5.45
06059032044,3.21
06085511301,3.98
06085503329,2.65
06059042329,3.49
06075030202,2.94
06037269500,4.65
06059075702,4.31
06081612500,5.07
06037920338,2.91
06037141700,4.55
06081612600,4.94
06001405000,4.26
06059042323,3.69
06085510200,3.82
06085504308,1.55
06001404200,4.2
06075012602,5.55
06001451704,2.96
06085511400,4.46
06075012800,5.36
06001423700,3.47
06085503313,1.48
06081611300,3.02
06075030400,3.55
06085511909,3.42
06037621102,5.41
06059075808,6.25
06059032020,3.06
06037670413,3.27
06085504415,1.85
06041125000,3.52
06037480702,5.08
06059075603,4.87
06037920111,3.47
06085511702,3.55
06055201101,2.36
06037800406,3.28
06075017101,2.7
06037800101,3.86
06081608013,4.07
06059032057,2.71
06085504202,1.84
06081608300,2.48
06075013102,5.13
06037262501,5.56
06041124200,4.57
06037261200,4.22
06059063009,5.44
06037650702,4.95
06013345105,4.57
06085510001,4.09
06059042325,3.05
06059099506,4.5
06085511916,2.48
06059032023,5.04
06059032030,3.62
06037460502,6.31
06075016400,3.74
06075021500,3.4
06075015802,3.81
06085509802,4.62
06001430400,2.43
06037920045,3.15
06037460600,4.32
06041102202,2.52
06059062701,5.36
06013338302,2.76
06059063005,4.54
06055200703,2.4
06085511609,5.1
06013354002,3.74
06013360102,1.77
06059021829,3.45
06085502908,3.24
06075012601,5.47
06059042338,3
06001450742,4.34
06037463800,6.26
06001450601,4.71
06001430200,2.43
06037262302,5.22
06059062643,3.78
06059042333,4.27
06085507703,3.76
06001420100,4.7
06037262301,5.67
06013334200,4.77
06085503330,1.87
06013345101,3.18
06085506604,3.91
06059075607,3.81
06059063006,5.75
06037670328,3.52
06037621002,4.01
06085510803,2.86
06013341000,3.92
06013350000,4.51
06059062629,3.8
06055201402,3.27
06081609000,4.03
06075017102,2.76
06001451703,3.08
06081603400,2.68
06013351102,2.88
06001450606,3.81
06037577604,7.1
06001405100,4.31
06001404502,3.06
06081611600,5.64
06001450604,3.85
06037920110,3.51
06075020402,2.64
06001441501,1.48
06037262303,4.62
06075030102,3.05
06037194300,4.99
06013340002,3.91
06085502902,3.51
06001435103,2.52
06085508301,3.71
06013338204,3.78
06001450701,5.24
06059042206,5.4
06081606700,3.88
06059062619,3.83
06059075809,4.5
06059032050,4.65
06085511800,4.63
06001442000,3.17
06037670326,3.95
06059062645,4.03
06085503334,3.67
06041118100,3.65
06037261102,3.98
06059075810,5
06037143902,4.78
06085503326,1.73
06013390200,3.69
06059062702,4.99
06085507001,4.27
06085511912,2.08
06081608700,4.01
06059052428,4.03
06037137504,3.36
06081607000,2.33
06085509700,4.96
06013345102,2.88
06041108100,2.9
06013321103,3.15
06013355306,2.71
06037265420,4.96
06081611200,2.77
06085507401,2.99
06085510802,4.23
06085511200,3.32
06081611400,5.25
06075030700,2.85
06001451505,3.74
06041114100,2.66
06085511914,2.73
06075030302,3.61
06059032043,3.19
06075030500,2.81
06001450502,4.09
06037800325,4.26
06085508203,4.05
06095252310,2.43
06013351103,2.42
06013345115,2.72
06013354001,4.11
06085512030,1.76
06013345108,3.52
06075021700,3.01
06059021828,2.97
06001421400,2.57
06037621001,5.06
06059042319,3.04
06013355112,2.97
06085506804,2.43
06075012902,5.71
06059042337,4.12
06059042326,3.32
06085502907,2.26
06085507906,3.07
06085511704,3.78
06037800506,3.95
06037262601,2.97
06085507500,3.29
06081605600,3.42
06081606800,2.59
06081613200,4.15
06041120000,4.53
06037670405,3.78
06059062620,2.93
06059062635,3.63
06085502903,2.85
06081613400,2.51
06041132200,2.99
06013355302,2.49
06013390100,3.74
06075020300,3.35
06075020600,3.39
06041128200,3.41
06075017000,2.94
06001443200,2.91
06037670500,3.9
06085502603,4.32
06001400200,4.03
06059062631,3.05
06075021400,3.14
06075030600,2.77
06001400100,4.15
06013352201,2.75
06041109002,3.12
06085507002,3.09
06001408000,2.41
06013345116,3.02
06041110200,2.35
06013343002,3.44
06013321102,2.38
06041117000,3.27
06059075606,3.8
06037670411,4.94
06013391000,3.21
06041132100,2.76
06001423800,3.7
06013348000,4.27
06085511913,2.8
06085511705,6.51
06001404700,3.2
06001404600,2.96
06085511701,5.02
06085509901,3.59
06085503331,1.61
06059042336,3.17
06075021800,3.85
06075021200,2.6
06001404501,3.66
06001404400,2.7
06085507702,3.84
06085507600,3.33
06013345203,3.88
06037670201,4.83
06085511907,2.81
06075012901,5.43
06037800330,4.77
06081606900,3.01
06081609300,4.39
06037800408,4
06037620301,5.57
06001421500,2.03
06041114200,2.45
06085508403,3.39
06081612800,3.6
06037620303,5.78
06041103100,1.38
06059042317,2.78
06085510002,3.66
06085506900,4.26
06013355117,1.7
06059032059,2.39
06081608900,1.87
06037262706,5.72
06059021830,3.6
06075021100,3.09
06085510500,3.8
06085508303,3.05
06001421300,3.84
06013353001,3.84
06059032031,3.34
06075030800,3.69
06075020401,2.53
06059032058,2.35
06037920032,3.17
06037620901,4.44
06041116000,2.57
06013343003,3.17
06085507808,3.84
06013355116,1.84
06041107000,2.67
06085510300,3.91
06013355114,2.16
06085507301,3.41
06037920016,3.32
06037670406,2.7
06081611500,4.46
06037262604,5.67
06059062633,3.37
06059032042,4.1
06013352202,2.04
06085510100,4.1
06085507206,3.3
06001404300,3.65
06001420600,4.75
06055201102,4.9
06081605800,4.08
06081605700,3.4
06085507203,4.83
06001451102,2.78
06037800326,4.4
06013345114,3.22
06085507903,2.59
06037670702,3.85
06001436402,1.9
06001421200,2.6
06075060100,6.43
06081609400,2.91
06081609602,1.53
06013355113,1.76
06085510900,4.34
06075013000,5.02
06001421100,2.12
06075020500,2.93
06041128100,3.43
06059042332,2.65
06081611100,2.05
06013326000,2.23
06085510400,4.25
06013345112,1.83
06013346102,3.37
06037620904,3.45
06085503332,1.79
06059062642,4.36
06081609800,2.36
06085511910,2.15
06041113000,1.52
06041115000,3.14
06041124100,3
06041102100,2
06013347000,2.28
06075021600,2.23
06013346204,1.98
06013345103,1.62
06059032045,2.24
06001426100,3.73
06081609603,1.97
06013346101,2.79
06013345204,3.23
06081608800,1.97
06037262802,4.84
06041119100,2.78
06081609900,2.65
06037262400,4
06013392000,2.26
06081609500,2.15
06001430102,2.48
06013352101,2.41
06013345113,2.4
06013351101,1.28
06013346201,3.64
06041127000,2.49
06059032046,2.44
06013352102,2.1
06075021300,2.54
06013353002,3.5
06085511707,4.41
06001421600,3.27
06081609700,2.1
06085507302,2.69
06013351200,2.9
06081609601,1.21
06041126100,3.08
06001422600,4.32
06001981900,5.99
06001982000,6.11
06037115103,6.13
06037265301,5.38
06037320000,7.93
06037401901,6.74
06037402404,8.48
06037403200,8.42
06037504102,8.31
06037532400,8.39
06037550000,7.58
06037551600,5.54
06037574601,4.42
06037574700,5.62
06037575500,8.37
06037599100,4.6
06037901003,3.49
06037910811,4.34
06037910812,2.81
06037920011,3.04
06037920200,4.8
06037930101,3.9
06037930200,6.18
06037930301,4.63
06037980001,8.08
06037980002,9.06
06037980003,3.16
06037980004,5.26
06037980005,7.83
06037980006,7.16
06037980007,7.88
06037980008,6.93
06037980009,7.99
06037980013,8.53
06037980014,8.77
06037980018,7.04
06037980019,4.58
06037980020,5.51
06037980021,5.31
06037980022,7.47
06037980023,2.97
06037980024,7.5
06037980025,8.15
06037980026,4.02
06037980028,8.25
06037980030,8.23
06037980031,8.49
06037980033,8.54
06041122000,3.41
06055200900,6.07
06055201403,3.68
06059021813,7.82
06059980000,7.05
06075980200,4.14
06075980300,4.75
06075980900,6.82
06081984300,6.87
06085504417,1.73
06085511608,4.23
06095253000,3.65
06095980000,3.29
